<metadata xml:lang="zh"><Esri><CreaDate>20250102</CreaDate><CreaTime>14532500</CreaTime><ArcGISFormat>1.0</ArcGISFormat><SyncOnce>FALSE</SyncOnce><DataProperties><itemProps><itemName Sync="TRUE">2010</itemName><imsContentType Sync="TRUE">002</imsContentType><itemLocation><linkage Sync="TRUE">file://\\GISC05\D$\GEE分析导出\相关论文\论文数据\样本点数据\v2\2010.shp</linkage><protocol Sync="TRUE">Local Area Network</protocol></itemLocation><itemSize Sync="TRUE">0.000</itemSize></itemProps><coordRef><type Sync="TRUE">Geographic</type><geogcsn Sync="TRUE">GCS_WGS_1984</geogcsn><csUnits Sync="TRUE">Angular Unit: Degree (0.017453)</csUnits><peXml Sync="TRUE">&lt;GeographicCoordinateSystem xsi:type='typens:GeographicCoordinateSystem' xmlns:xsi='http://www.w3.org/2001/XMLSchema-instance' xmlns:xs='http://www.w3.org/2001/XMLSchema' xmlns:typens='http://www.esri.com/schemas/ArcGIS/3.0.0'&gt;&lt;WKT&gt;GEOGCS[&amp;quot;GCS_WGS_1984&amp;quot;,DATUM[&amp;quot;D_WGS_1984&amp;quot;,SPHEROID[&amp;quot;WGS_1984&amp;quot;,6378137.0,298.257223563]],PRIMEM[&amp;quot;Greenwich&amp;quot;,0.0],UNIT[&amp;quot;Degree&amp;quot;,0.0174532925199433],AUTHORITY[&amp;quot;EPSG&amp;quot;,4326]]&lt;/WKT&gt;&lt;XOrigin&gt;-399.99999999999989&lt;/XOrigin&gt;&lt;YOrigin&gt;-399.99999999999989&lt;/YOrigin&gt;&lt;XYScale&gt;11258999068426.24&lt;/XYScale&gt;&lt;ZOrigin&gt;-100000&lt;/ZOrigin&gt;&lt;ZScale&gt;10000&lt;/ZScale&gt;&lt;MOrigin&gt;-100000&lt;/MOrigin&gt;&lt;MScale&gt;10000&lt;/MScale&gt;&lt;XYTolerance&gt;8.9831528411952133e-09&lt;/XYTolerance&gt;&lt;ZTolerance&gt;0.001&lt;/ZTolerance&gt;&lt;MTolerance&gt;0.001&lt;/MTolerance&gt;&lt;HighPrecision&gt;true&lt;/HighPrecision&gt;&lt;LeftLongitude&gt;-180&lt;/LeftLongitude&gt;&lt;WKID&gt;4326&lt;/WKID&gt;&lt;LatestWKID&gt;4326&lt;/LatestWKID&gt;&lt;/GeographicCoordinateSystem&gt;</peXml></coordRef><lineage><Process ToolSource="d:\arcgis\pro\Resources\ArcToolbox\toolboxes\Data Management Tools.tbx\Merge" Date="20250102" Time="145327">Merge anhui2010v0;beijing2010;fujian2010;gansu2010;guangdong2010;guangxi2010v1;guizhou2010;hainan2010;hebei2010;helongjiang2010;henan2010;hubei2010;hunan2010;jiangsu20100;jiangxi2010;jilin2010;liaoning2010;neimenggu2010;ningxia2010;qinghai2010;shaanxi20100;shandong201000;shanghai2010;shanxi2010;sichuan2010;taiwan2010;tianjin2010v1;xinjiang20100;yunnan2010;zhejiang20100 C:\Users\71016\Documents\ArcGIS\Projects\MyProject18\MyProject18.gdb\anhui2010v0_Merge1 "Name "Name" true true false 254 Text 0 0,First,#,anhui2010v0,Name,0,254,beijing2010,Name,0,254,fujian2010,Name,0,254,gansu2010,Name,0,254,guangdong2010,Name,0,254,guangxi2010v1,Name,0,254,guizhou2010,Name,0,254,hainan2010,Name,0,254,hebei2010,Name,0,254,helongjiang2010,Name,0,254,henan2010,Name,0,254,hubei2010,Name,0,254,hunan2010,Name,0,254,jiangsu20100,Name,0,254,jiangxi2010,Name,0,254,jilin2010,Name,0,254,liaoning2010,Name,0,254,neimenggu2010,Name,0,254,ningxia2010,Name,0,254,qinghai2010,Name,0,254,shaanxi20100,Name,0,254,shandong201000,Name,0,254,shanghai2010,Name,0,254,shanxi2010,Name,0,254,sichuan2010,Name,0,254,taiwan2010,Name,0,254,xinjiang20100,Name,0,254,yunnan2010,Name,0,254,zhejiang20100,Name,0,254;descriptio "descriptio" true true false 254 Text 0 0,First,#,anhui2010v0,descriptio,0,254,gansu2010,descriptio,0,254,guangdong2010,descriptio,0,254,guizhou2010,descriptio,0,254,hainan2010,descriptio,0,254,hebei2010,descriptio,0,254,helongjiang2010,descriptio,0,254,henan2010,descriptio,0,254,hubei2010,descriptio,0,254,hunan2010,descriptio,0,254,jiangsu20100,descriptio,0,254,jiangxi2010,descriptio,0,254,jilin2010,descriptio,0,254,liaoning2010,descriptio,0,254,neimenggu2010,descriptio,0,254,ningxia2010,descriptio,0,254,qinghai2010,descriptio,0,254,shaanxi20100,descriptio,0,254,shanghai2010,descriptio,0,254,shanxi2010,descriptio,0,254,sichuan2010,descriptio,0,254,taiwan2010,descriptio,0,254,xinjiang20100,descriptio,0,254,yunnan2010,descriptio,0,254,zhejiang20100,descriptio,0,254;timestamp "timestamp" true true false 24 Text 0 0,First,#,anhui2010v0,timestamp,0,24,gansu2010,timestamp,0,24,guangdong2010,timestamp,0,24,guizhou2010,timestamp,0,24,hainan2010,timestamp,0,24,hebei2010,timestamp,0,24,helongjiang2010,timestamp,0,24,henan2010,timestamp,0,24,hubei2010,timestamp,0,24,hunan2010,timestamp,0,24,jiangsu20100,timestamp,0,24,jiangxi2010,timestamp,0,24,jilin2010,timestamp,0,24,liaoning2010,timestamp,0,24,neimenggu2010,timestamp,0,24,ningxia2010,timestamp,0,24,qinghai2010,timestamp,0,24,shaanxi20100,timestamp,0,24,shanghai2010,timestamp,0,24,shanxi2010,timestamp,0,24,sichuan2010,timestamp,0,24,taiwan2010,timestamp,0,24,xinjiang20100,timestamp,0,24,yunnan2010,timestamp,0,24,zhejiang20100,timestamp,0,24;begin "begin" true true false 24 Text 0 0,First,#,anhui2010v0,begin,0,24,gansu2010,begin,0,24,guangdong2010,begin,0,24,guizhou2010,begin,0,24,hainan2010,begin,0,24,hebei2010,begin,0,24,helongjiang2010,begin,0,24,henan2010,begin,0,24,hubei2010,begin,0,24,hunan2010,begin,0,24,jiangsu20100,begin,0,24,jiangxi2010,begin,0,24,jilin2010,begin,0,24,liaoning2010,begin,0,24,neimenggu2010,begin,0,24,ningxia2010,begin,0,24,qinghai2010,begin,0,24,shaanxi20100,begin,0,24,shanghai2010,begin,0,24,shanxi2010,begin,0,24,sichuan2010,begin,0,24,taiwan2010,begin,0,24,xinjiang20100,begin,0,24,yunnan2010,begin,0,24,zhejiang20100,begin,0,24;end "end" true true false 24 Text 0 0,First,#,anhui2010v0,end,0,24,gansu2010,end,0,24,guangdong2010,end,0,24,guizhou2010,end,0,24,hainan2010,end,0,24,hebei2010,end,0,24,helongjiang2010,end,0,24,henan2010,end,0,24,hubei2010,end,0,24,hunan2010,end,0,24,jiangsu20100,end,0,24,jiangxi2010,end,0,24,jilin2010,end,0,24,liaoning2010,end,0,24,neimenggu2010,end,0,24,ningxia2010,end,0,24,qinghai2010,end,0,24,shaanxi20100,end,0,24,shanghai2010,end,0,24,shanxi2010,end,0,24,sichuan2010,end,0,24,taiwan2010,end,0,24,xinjiang20100,end,0,24,yunnan2010,end,0,24,zhejiang20100,end,0,24;altitudeMo "altitudeMo" true true false 254 Text 0 0,First,#,anhui2010v0,altitudeMo,0,254,gansu2010,altitudeMo,0,254,guangdong2010,altitudeMo,0,254,guizhou2010,altitudeMo,0,254,hainan2010,altitudeMo,0,254,hebei2010,altitudeMo,0,254,helongjiang2010,altitudeMo,0,254,henan2010,altitudeMo,0,254,hubei2010,altitudeMo,0,254,hunan2010,altitudeMo,0,254,jiangsu20100,altitudeMo,0,254,jiangxi2010,altitudeMo,0,254,jilin2010,altitudeMo,0,254,liaoning2010,altitudeMo,0,254,neimenggu2010,altitudeMo,0,254,ningxia2010,altitudeMo,0,254,qinghai2010,altitudeMo,0,254,shaanxi20100,altitudeMo,0,254,shanghai2010,altitudeMo,0,254,shanxi2010,altitudeMo,0,254,sichuan2010,altitudeMo,0,254,taiwan2010,altitudeMo,0,254,xinjiang20100,altitudeMo,0,254,yunnan2010,altitudeMo,0,254,zhejiang20100,altitudeMo,0,254;tessellate "tessellate" true true false 10 Long 0 10,First,#,anhui2010v0,tessellate,-1,-1,gansu2010,tessellate,-1,-1,guangdong2010,tessellate,-1,-1,guizhou2010,tessellate,-1,-1,hainan2010,tessellate,-1,-1,hebei2010,tessellate,-1,-1,helongjiang2010,tessellate,-1,-1,henan2010,tessellate,-1,-1,hubei2010,tessellate,-1,-1,hunan2010,tessellate,-1,-1,jiangsu20100,tessellate,-1,-1,jiangxi2010,tessellate,-1,-1,jilin2010,tessellate,-1,-1,liaoning2010,tessellate,-1,-1,neimenggu2010,tessellate,-1,-1,ningxia2010,tessellate,-1,-1,qinghai2010,tessellate,-1,-1,shaanxi20100,tessellate,-1,-1,shanghai2010,tessellate,-1,-1,shanxi2010,tessellate,-1,-1,sichuan2010,tessellate,-1,-1,taiwan2010,tessellate,-1,-1,xinjiang20100,tessellate,-1,-1,yunnan2010,tessellate,-1,-1,zhejiang20100,tessellate,-1,-1;extrude "extrude" true true false 10 Long 0 10,First,#,anhui2010v0,extrude,-1,-1,gansu2010,extrude,-1,-1,guangdong2010,extrude,-1,-1,guizhou2010,extrude,-1,-1,hainan2010,extrude,-1,-1,hebei2010,extrude,-1,-1,helongjiang2010,extrude,-1,-1,henan2010,extrude,-1,-1,hubei2010,extrude,-1,-1,hunan2010,extrude,-1,-1,jiangsu20100,extrude,-1,-1,jiangxi2010,extrude,-1,-1,jilin2010,extrude,-1,-1,liaoning2010,extrude,-1,-1,neimenggu2010,extrude,-1,-1,ningxia2010,extrude,-1,-1,qinghai2010,extrude,-1,-1,shaanxi20100,extrude,-1,-1,shanghai2010,extrude,-1,-1,shanxi2010,extrude,-1,-1,sichuan2010,extrude,-1,-1,taiwan2010,extrude,-1,-1,xinjiang20100,extrude,-1,-1,yunnan2010,extrude,-1,-1,zhejiang20100,extrude,-1,-1;visibility "visibility" true true false 10 Long 0 10,First,#,anhui2010v0,visibility,-1,-1,gansu2010,visibility,-1,-1,guangdong2010,visibility,-1,-1,guizhou2010,visibility,-1,-1,hainan2010,visibility,-1,-1,hebei2010,visibility,-1,-1,helongjiang2010,visibility,-1,-1,henan2010,visibility,-1,-1,hubei2010,visibility,-1,-1,hunan2010,visibility,-1,-1,jiangsu20100,visibility,-1,-1,jiangxi2010,visibility,-1,-1,jilin2010,visibility,-1,-1,liaoning2010,visibility,-1,-1,neimenggu2010,visibility,-1,-1,ningxia2010,visibility,-1,-1,qinghai2010,visibility,-1,-1,shaanxi20100,visibility,-1,-1,shanghai2010,visibility,-1,-1,shanxi2010,visibility,-1,-1,sichuan2010,visibility,-1,-1,taiwan2010,visibility,-1,-1,xinjiang20100,visibility,-1,-1,yunnan2010,visibility,-1,-1,zhejiang20100,visibility,-1,-1;drawOrder "drawOrder" true true false 10 Long 0 10,First,#,anhui2010v0,drawOrder,-1,-1,gansu2010,drawOrder,-1,-1,guangdong2010,drawOrder,-1,-1,guizhou2010,drawOrder,-1,-1,hainan2010,drawOrder,-1,-1,hebei2010,drawOrder,-1,-1,helongjiang2010,drawOrder,-1,-1,henan2010,drawOrder,-1,-1,hubei2010,drawOrder,-1,-1,hunan2010,drawOrder,-1,-1,jiangsu20100,drawOrder,-1,-1,jiangxi2010,drawOrder,-1,-1,jilin2010,drawOrder,-1,-1,liaoning2010,drawOrder,-1,-1,neimenggu2010,drawOrder,-1,-1,ningxia2010,drawOrder,-1,-1,qinghai2010,drawOrder,-1,-1,shaanxi20100,drawOrder,-1,-1,shanghai2010,drawOrder,-1,-1,shanxi2010,drawOrder,-1,-1,sichuan2010,drawOrder,-1,-1,taiwan2010,drawOrder,-1,-1,xinjiang20100,drawOrder,-1,-1,yunnan2010,drawOrder,-1,-1,zhejiang20100,drawOrder,-1,-1;icon "icon" true true false 254 Text 0 0,First,#,anhui2010v0,icon,0,254,gansu2010,icon,0,254,guangdong2010,icon,0,254,guizhou2010,icon,0,254,hainan2010,icon,0,254,hebei2010,icon,0,254,helongjiang2010,icon,0,254,henan2010,icon,0,254,hubei2010,icon,0,254,hunan2010,icon,0,254,jiangsu20100,icon,0,254,jiangxi2010,icon,0,254,jilin2010,icon,0,254,liaoning2010,icon,0,254,neimenggu2010,icon,0,254,ningxia2010,icon,0,254,qinghai2010,icon,0,254,shaanxi20100,icon,0,254,shanghai2010,icon,0,254,shanxi2010,icon,0,254,sichuan2010,icon,0,254,taiwan2010,icon,0,254,tianjin2010v1,icon,0,254,xinjiang20100,icon,0,254,yunnan2010,icon,0,254,zhejiang20100,icon,0,254;value "value" true true false 10 Long 0 10,First,#,anhui2010v0,value,-1,-1,beijing2010,value,-1,-1,fujian2010,value,-1,-1,gansu2010,value,-1,-1,guangdong2010,value,-1,-1,guangxi2010v1,value,-1,-1,hebei2010,value,-1,-1,helongjiang2010,value,-1,-1,henan2010,value,-1,-1,hubei2010,value,-1,-1,hunan2010,value,-1,-1,jiangsu20100,value,-1,-1,jiangxi2010,value,-1,-1,jilin2010,value,-1,-1,liaoning2010,value,-1,-1,neimenggu2010,value,-1,-1,ningxia2010,value,-1,-1,qinghai2010,value,-1,-1,shaanxi20100,value,-1,-1,shandong201000,value,-1,-1,shanghai2010,value,-1,-1,shanxi2010,value,-1,-1,sichuan2010,value,-1,-1,taiwan2010,value,-1,-1,tianjin2010v1,value,-1,-1,xinjiang20100,value,-1,-1,yunnan2010,value,-1,-1,zhejiang20100,value,-1,-1;RASTERVALU "RASTERVALU" true true false 5 Long 0 5,First,#,jiangsu20100,RASTERVALU,-1,-1,shaanxi20100,RASTERVALU,-1,-1,shandong201000,RASTERVALU,-1,-1,xinjiang20100,RASTERVALU,-1,-1,zhejiang20100,RASTERVALU,-1,-1;layer "layer" true true false 254 Text 0 0,First,#,liaoning2010,layer,0,254;path "path" true true false 254 Text 0 0,First,#,liaoning2010,path,0,254" NO_SOURCE_INFO</Process><Process ToolSource="d:\arcgis\pro\Resources\ArcToolbox\toolboxes\Data Management Tools.tbx\DeleteField" Date="20250102" Time="145408">DeleteField anhui2010v0_Merge1 descriptio;timestamp;begin;end;altitudeMo;tessellate;extrude;visibility;drawOrder;icon;value;RASTERVALU;layer;path 删除字段</Process><Process ToolSource="d:\arcgis\pro\Resources\ArcToolbox\toolboxes\Analysis Tools.tbx\Intersect" Date="20250102" Time="145414">Intersect "anhui2010v0_Merge1 #;省界 #" C:\Users\71016\Documents\ArcGIS\Projects\MyProject18\MyProject18.gdb\anhui2010v0_Merge1_Intersect 所有属性 # 与输入相同</Process><Process ToolSource="d:\arcgis\pro\Resources\ArcToolbox\toolboxes\Data Management Tools.tbx\DeleteField" Date="20250102" Time="145426">DeleteField anhui2010v0_Merge1_Intersect FID_anhui2010v0_Merge1 删除字段</Process><Process ToolSource="d:\arcgis\pro\Resources\ArcToolbox\toolboxes\Data Management Tools.tbx\DeleteField" Date="20250102" Time="145431">DeleteField anhui2010v0_Merge1_Intersect Name 删除字段</Process><Process ToolSource="d:\arcgis\pro\Resources\ArcToolbox\toolboxes\Conversion Tools.tbx\ExportFeatures" Date="20250102" Time="145458">ExportFeatures anhui2010v0_Merge1_Intersect D:\GEE分析导出\相关论文\论文数据\样本点数据\2010大棚样本.shp # NOT_USE_ALIAS "FID_省界 "FID_省界" true true false 4 Long 0 0,First,#,anhui2010v0_Merge1_Intersect,FID_省界,-1,-1;省代码 "省代码" true true false 4 Long 0 0,First,#,anhui2010v0_Merge1_Intersect,省代码,-1,-1;省 "省" true true false 50 Text 0 0,First,#,anhui2010v0_Merge1_Intersect,省,0,50;类型 "类型" true true false 50 Text 0 0,First,#,anhui2010v0_Merge1_Intersect,类型,0,50" #</Process><Process Name="删除相同项" ToolSource="d:\arcgis\pro\Resources\ArcToolbox\toolboxes\Data Management Tools.tbx\DeleteIdentical" Date="20250102" Time="154454">DeleteIdentical 2010大棚样本 Shape # 0</Process><Process ToolSource="d:\arcgis\pro\Resources\ArcToolbox\toolboxes\Data Management Tools.tbx\DeleteField" Date="20250102" Time="154545">DeleteField 2010大棚样本 FID_省界 删除字段</Process><Process ToolSource="d:\arcgis\pro\Resources\ArcToolbox\toolboxes\Data Management Tools.tbx\UpdateSchema" Date="20250113" Time="094539">UpdateSchema "CIMDATA=&lt;CIMStandardDataConnection xsi:type='typens:CIMStandardDataConnection' xmlns:xsi='http://www.w3.org/2001/XMLSchema-instance' xmlns:xs='http://www.w3.org/2001/XMLSchema' xmlns:typens='http://www.esri.com/schemas/ArcGIS/3.0.0'&gt;&lt;WorkspaceConnectionString&gt;DATABASE=D:\GEE分析导出\相关论文\论文数据\样本点数据&lt;/WorkspaceConnectionString&gt;&lt;WorkspaceFactory&gt;Shapefile&lt;/WorkspaceFactory&gt;&lt;Dataset&gt;2010大棚样本.shp&lt;/Dataset&gt;&lt;DatasetType&gt;esriDTFeatureClass&lt;/DatasetType&gt;&lt;/CIMStandardDataConnection&gt;" &lt;operationSequence&gt;&lt;workflow&gt;&lt;AddField&gt;&lt;field_name&gt;type&lt;/field_name&gt;&lt;field_type&gt;LONG&lt;/field_type&gt;&lt;field_is_nullable&gt;False&lt;/field_is_nullable&gt;&lt;field_is_required&gt;False&lt;/field_is_required&gt;&lt;/AddField&gt;&lt;/workflow&gt;&lt;/operationSequence&gt;</Process><Process ToolSource="d:\arcgis\pro\Resources\ArcToolbox\toolboxes\Data Management Tools.tbx\CalculateField" Date="20250113" Time="094547">CalculateField 2010大棚样本 type 2010 "Python 3" # 文本 NO_ENFORCE_DOMAINS</Process><Process ToolSource="d:\arcgis\pro\Resources\ArcToolbox\toolboxes\Analysis Tools.tbx\SpatialJoin" Date="20250113" Time="143603">SpatialJoin 2010大棚样本 dp2010 C:\Users\71016\Documents\ArcGIS\Projects\MyProject21\MyProject21.gdb\c2010大棚样本_SpatialJoin 一对一连接 KEEP_ALL "省代码 "省代码" true true false 10 Long 0 10,First,#,2010大棚样本,省代码,-1,-1;省 "省" true true false 50 Text 0 0,First,#,2010大棚样本,省,0,50;类型 "类型" true true false 50 Text 0 0,First,#,2010大棚样本,类型,0,50;type "type" true true false 10 Long 0 10,First,#,2010大棚样本,type,-1,-1;省代_1 "省代码" true true false 10 Long 0 10,First,#,dp2010,省代码,-1,-1;省_1 "省" true true false 50 Text 0 0,First,#,dp2010,省,0,50;类型_1 "类型" true true false 50 Text 0 0,First,#,dp2010,类型,0,50;name "name" true true false 50 Text 0 0,First,#,dp2010,name,0,50;area "area" true true false 13 Float 0 0,First,#,dp2010,area,-1,-1;area_w "area_w" true true false 13 Float 0 0,First,#,dp2010,area_w,-1,-1;a2010 "a2010" true true false 13 Float 0 0,First,#,dp2010,a2010,-1,-1;a2016 "a2016" true true false 13 Float 0 0,First,#,dp2010,a2016,-1,-1;a2022 "a2022" true true false 13 Float 0 0,First,#,dp2010,a2022,-1,-1;b2010 "b2010" true true false 13 Float 0 0,First,#,dp2010,b2010,-1,-1;b2016 "b2016" true true false 13 Float 0 0,First,#,dp2010,b2016,-1,-1;b2022 "b2022" true true false 13 Float 0 0,First,#,dp2010,b2022,-1,-1;Shape_Leng "Shape_Leng" true true false 19 Double 0 0,First,#,dp2010,Shape_Leng,-1,-1;Shape_Area "Shape_Area" true true false 19 Double 0 0,First,#,dp2010,Shape_Area,-1,-1" 相交 # #</Process><Process ToolSource="d:\arcgis\pro\Resources\ArcToolbox\toolboxes\Data Management Tools.tbx\CalculateField" Date="20250113" Time="151433">CalculateField c2010大棚样本_SpatialJoin 省 "湖南省" "Python 3" # 文本 NO_ENFORCE_DOMAINS</Process><Process ToolSource="d:\arcgis\pro\Resources\ArcToolbox\toolboxes\Data Management Tools.tbx\CalculateField" Date="20250113" Time="151454">CalculateField c2010大棚样本_SpatialJoin 省代码 "430000" "Python 3" # 文本 NO_ENFORCE_DOMAINS</Process><Process ToolSource="d:\arcgis\pro\Resources\ArcToolbox\toolboxes\Data Management Tools.tbx\CalculateField" Date="20250113" Time="151503">CalculateField c2010大棚样本_SpatialJoin 类型 "省" "Python 3" # 文本 NO_ENFORCE_DOMAINS</Process><Process ToolSource="d:\arcgis\pro\Resources\ArcToolbox\toolboxes\Data Management Tools.tbx\CalculateField" Date="20250113" Time="151516">CalculateField c2010大棚样本_SpatialJoin type 2010 "Python 3" # 文本 NO_ENFORCE_DOMAINS</Process><Process ToolSource="d:\arcgis\pro\Resources\ArcToolbox\toolboxes\Conversion Tools.tbx\ExportFeatures" Date="20250113" Time="153918">ExportFeatures c2010大棚样本_SpatialJoin D:\GEE分析导出\相关论文\论文数据\样本点数据\v2\2010.shp # NOT_USE_ALIAS "Join_Count "Join_Count" true true false 4 Long 0 0,First,#,c2010大棚样本_SpatialJoin,Join_Count,-1,-1;TARGET_FID "TARGET_FID" true true false 4 Long 0 0,First,#,c2010大棚样本_SpatialJoin,TARGET_FID,-1,-1;省代码 "省代码" true true false 4 Long 0 0,First,#,c2010大棚样本_SpatialJoin,省代码,-1,-1;省 "省" true true false 50 Text 0 0,First,#,c2010大棚样本_SpatialJoin,省,0,50;类型 "类型" true true false 50 Text 0 0,First,#,c2010大棚样本_SpatialJoin,类型,0,50;type "type" true true false 4 Long 0 0,First,#,c2010大棚样本_SpatialJoin,type,-1,-1;省代_1 "省代码" true true false 4 Long 0 0,First,#,c2010大棚样本_SpatialJoin,省代_1,-1,-1;省_1 "省" true true false 50 Text 0 0,First,#,c2010大棚样本_SpatialJoin,省_1,0,50;类型_1 "类型" true true false 50 Text 0 0,First,#,c2010大棚样本_SpatialJoin,类型_1,0,50;name "name" true true false 50 Text 0 0,First,#,c2010大棚样本_SpatialJoin,name,0,50;area "area" true true false 4 Float 0 0,First,#,c2010大棚样本_SpatialJoin,area,-1,-1;area_w "area_w" true true false 4 Float 0 0,First,#,c2010大棚样本_SpatialJoin,area_w,-1,-1;a2010 "a2010" true true false 4 Float 0 0,First,#,c2010大棚样本_SpatialJoin,a2010,-1,-1;a2016 "a2016" true true false 4 Float 0 0,First,#,c2010大棚样本_SpatialJoin,a2016,-1,-1;a2022 "a2022" true true false 4 Float 0 0,First,#,c2010大棚样本_SpatialJoin,a2022,-1,-1;b2010 "b2010" true true false 4 Float 0 0,First,#,c2010大棚样本_SpatialJoin,b2010,-1,-1;b2016 "b2016" true true false 4 Float 0 0,First,#,c2010大棚样本_SpatialJoin,b2016,-1,-1;b2022 "b2022" true true false 4 Float 0 0,First,#,c2010大棚样本_SpatialJoin,b2022,-1,-1;Shape_Leng "Shape_Leng" true true false 8 Double 0 0,First,#,c2010大棚样本_SpatialJoin,Shape_Leng,-1,-1" #</Process><Process ToolSource="d:\arcgis\pro\Resources\ArcToolbox\toolboxes\Data Management Tools.tbx\DeleteField" Date="20250113" Time="154616">DeleteField 2010 Join_Count;TARGET_FID 删除字段</Process><Process ToolSource="d:\arcgis\pro\Resources\ArcToolbox\toolboxes\Data Management Tools.tbx\DeleteField" Date="20250113" Time="154622">DeleteField 2010 省代_1;省_1;类型_1;name;area;area_w;a2010;a2016;a2022;b2010;b2016;b2022;Shape_Leng 删除字段</Process></lineage></DataProperties><SyncDate>20250113</SyncDate><SyncTime>15391600</SyncTime><ModDate>20250113</ModDate><ModTime>15391600</ModTime></Esri><dataIdInfo><envirDesc Sync="TRUE">Microsoft Windows 10 Version 10.0 (Build 22631) ; Esri ArcGIS 13.0.0.36056</envirDesc><dataLang><languageCode value="zho" Sync="TRUE"></languageCode><countryCode value="CHN" Sync="TRUE"></countryCode></dataLang><idCitation><resTitle Sync="TRUE">2010</resTitle><presForm><PresFormCd value="005" Sync="TRUE"></PresFormCd></presForm></idCitation><spatRpType><SpatRepTypCd value="001" Sync="TRUE"></SpatRepTypCd></spatRpType></dataIdInfo><mdLang><languageCode value="zho" Sync="TRUE"></languageCode><countryCode value="CHN" Sync="TRUE"></countryCode></mdLang><distInfo><distFormat><formatName Sync="TRUE">Shapefile</formatName></distFormat><distTranOps><transSize Sync="TRUE">0.000</transSize></distTranOps></distInfo><mdHrLv><ScopeCd value="005" Sync="TRUE"></ScopeCd></mdHrLv><mdHrLvName Sync="TRUE">dataset</mdHrLvName><refSysInfo><RefSystem><refSysID><identCode code="4326" Sync="TRUE"></identCode><idCodeSpace Sync="TRUE">EPSG</idCodeSpace><idVersion Sync="TRUE">6.2(3.0.1)</idVersion></refSysID></RefSystem></refSysInfo><spatRepInfo><VectSpatRep><geometObjs Name="2010"><geoObjTyp><GeoObjTypCd value="004" Sync="TRUE"></GeoObjTypCd></geoObjTyp><geoObjCnt Sync="TRUE">0</geoObjCnt></geometObjs><topLvl><TopoLevCd value="001" Sync="TRUE"></TopoLevCd></topLvl></VectSpatRep></spatRepInfo><spdoinfo><ptvctinf><esriterm Name="2010"><efeatyp Sync="TRUE">Simple</efeatyp><efeageom code="1" Sync="TRUE"></efeageom><esritopo Sync="TRUE">FALSE</esritopo><efeacnt Sync="TRUE">0</efeacnt><spindex Sync="TRUE">FALSE</spindex><linrefer Sync="TRUE">TRUE</linrefer></esriterm></ptvctinf></spdoinfo><eainfo><detailed Name="2010"><enttyp><enttypl Sync="TRUE">2010</enttypl><enttypt Sync="TRUE">Feature Class</enttypt><enttypc Sync="TRUE">0</enttypc></enttyp><attr><attrlabl Sync="TRUE">FID</attrlabl><attalias Sync="TRUE">FID</attalias><attrtype Sync="TRUE">OID</attrtype><attwidth Sync="TRUE">4</attwidth><atprecis Sync="TRUE">0</atprecis><attscale Sync="TRUE">0</attscale><attrdef Sync="TRUE">Internal feature number.</attrdef><attrdefs Sync="TRUE">Esri</attrdefs><attrdomv><udom Sync="TRUE">Sequential unique whole numbers that are automatically generated.</udom></attrdomv></attr><attr><attrlabl Sync="TRUE">Shape</attrlabl><attalias Sync="TRUE">Shape</attalias><attrtype Sync="TRUE">Geometry</attrtype><attwidth Sync="TRUE">0</attwidth><atprecis Sync="TRUE">0</atprecis><attscale Sync="TRUE">0</attscale><attrdef Sync="TRUE">Feature geometry.</attrdef><attrdefs Sync="TRUE">Esri</attrdefs><attrdomv><udom Sync="TRUE">Coordinates defining the features.</udom></attrdomv></attr><attr><attrlabl Sync="TRUE">Join_Count</attrlabl><attalias Sync="TRUE">Join_Count</attalias><attrtype Sync="TRUE">Integer</attrtype><attwidth Sync="TRUE">10</attwidth><atprecis Sync="TRUE">10</atprecis><attscale Sync="TRUE">0</attscale></attr><attr><attrlabl Sync="TRUE">TARGET_FID</attrlabl><attalias Sync="TRUE">TARGET_FID</attalias><attrtype Sync="TRUE">Integer</attrtype><attwidth Sync="TRUE">10</attwidth><atprecis Sync="TRUE">10</atprecis><attscale Sync="TRUE">0</attscale></attr><attr><attrlabl Sync="TRUE">省代码</attrlabl><attalias Sync="TRUE">省代码</attalias><attrtype Sync="TRUE">Integer</attrtype><attwidth Sync="TRUE">10</attwidth><atprecis Sync="TRUE">10</atprecis><attscale Sync="TRUE">0</attscale></attr><attr><attrlabl Sync="TRUE">省</attrlabl><attalias Sync="TRUE">省</attalias><attrtype Sync="TRUE">String</attrtype><attwidth Sync="TRUE">50</attwidth><atprecis Sync="TRUE">0</atprecis><attscale Sync="TRUE">0</attscale></attr><attr><attrlabl Sync="TRUE">类型</attrlabl><attalias Sync="TRUE">类型</attalias><attrtype Sync="TRUE">String</attrtype><attwidth Sync="TRUE">50</attwidth><atprecis Sync="TRUE">0</atprecis><attscale Sync="TRUE">0</attscale></attr><attr><attrlabl Sync="TRUE">type</attrlabl><attalias Sync="TRUE">type</attalias><attrtype Sync="TRUE">Integer</attrtype><attwidth Sync="TRUE">10</attwidth><atprecis Sync="TRUE">10</atprecis><attscale Sync="TRUE">0</attscale></attr><attr><attrlabl Sync="TRUE">省代_1</attrlabl><attalias Sync="TRUE">省代_1</attalias><attrtype Sync="TRUE">Integer</attrtype><attwidth Sync="TRUE">10</attwidth><atprecis Sync="TRUE">10</atprecis><attscale Sync="TRUE">0</attscale></attr><attr><attrlabl Sync="TRUE">省_1</attrlabl><attalias Sync="TRUE">省_1</attalias><attrtype Sync="TRUE">String</attrtype><attwidth Sync="TRUE">50</attwidth><atprecis Sync="TRUE">0</atprecis><attscale Sync="TRUE">0</attscale></attr><attr><attrlabl Sync="TRUE">类型_1</attrlabl><attalias Sync="TRUE">类型_1</attalias><attrtype Sync="TRUE">String</attrtype><attwidth Sync="TRUE">50</attwidth><atprecis Sync="TRUE">0</atprecis><attscale Sync="TRUE">0</attscale></attr><attr><attrlabl Sync="TRUE">name</attrlabl><attalias Sync="TRUE">name</attalias><attrtype Sync="TRUE">String</attrtype><attwidth Sync="TRUE">50</attwidth><atprecis Sync="TRUE">0</atprecis><attscale Sync="TRUE">0</attscale></attr><attr><attrlabl Sync="TRUE">area</attrlabl><attalias Sync="TRUE">area</attalias><attrtype Sync="TRUE">Single</attrtype><attwidth Sync="TRUE">13</attwidth><atprecis Sync="TRUE">0</atprecis><attscale Sync="TRUE">0</attscale></attr><attr><attrlabl Sync="TRUE">area_w</attrlabl><attalias Sync="TRUE">area_w</attalias><attrtype Sync="TRUE">Single</attrtype><attwidth Sync="TRUE">13</attwidth><atprecis Sync="TRUE">0</atprecis><attscale Sync="TRUE">0</attscale></attr><attr><attrlabl Sync="TRUE">a2010</attrlabl><attalias Sync="TRUE">a2010</attalias><attrtype Sync="TRUE">Single</attrtype><attwidth Sync="TRUE">13</attwidth><atprecis Sync="TRUE">0</atprecis><attscale Sync="TRUE">0</attscale></attr><attr><attrlabl Sync="TRUE">a2016</attrlabl><attalias Sync="TRUE">a2016</attalias><attrtype Sync="TRUE">Single</attrtype><attwidth Sync="TRUE">13</attwidth><atprecis Sync="TRUE">0</atprecis><attscale Sync="TRUE">0</attscale></attr><attr><attrlabl Sync="TRUE">a2022</attrlabl><attalias Sync="TRUE">a2022</attalias><attrtype Sync="TRUE">Single</attrtype><attwidth Sync="TRUE">13</attwidth><atprecis Sync="TRUE">0</atprecis><attscale Sync="TRUE">0</attscale></attr><attr><attrlabl Sync="TRUE">b2010</attrlabl><attalias Sync="TRUE">b2010</attalias><attrtype Sync="TRUE">Single</attrtype><attwidth Sync="TRUE">13</attwidth><atprecis Sync="TRUE">0</atprecis><attscale Sync="TRUE">0</attscale></attr><attr><attrlabl Sync="TRUE">b2016</attrlabl><attalias Sync="TRUE">b2016</attalias><attrtype Sync="TRUE">Single</attrtype><attwidth Sync="TRUE">13</attwidth><atprecis Sync="TRUE">0</atprecis><attscale Sync="TRUE">0</attscale></attr><attr><attrlabl Sync="TRUE">b2022</attrlabl><attalias Sync="TRUE">b2022</attalias><attrtype Sync="TRUE">Single</attrtype><attwidth Sync="TRUE">13</attwidth><atprecis Sync="TRUE">0</atprecis><attscale Sync="TRUE">0</attscale></attr><attr><attrlabl Sync="TRUE">Shape_Leng</attrlabl><attalias Sync="TRUE">Shape_Leng</attalias><attrtype Sync="TRUE">Double</attrtype><attwidth Sync="TRUE">19</attwidth><atprecis Sync="TRUE">0</atprecis><attscale Sync="TRUE">0</attscale></attr></detailed></eainfo><mdDateSt Sync="TRUE">20250113</mdDateSt></metadata>
