<metadata xml:lang="zh"><Esri><CreaDate>20241204</CreaDate><CreaTime>10203900</CreaTime><ArcGISFormat>1.0</ArcGISFormat><SyncOnce>FALSE</SyncOnce><DataProperties><lineage><Process Name="添加字段" ToolSource="d:\arcgis\pro\Resources\ArcToolbox\toolboxes\Data Management Tools.tbx\AddField" Date="20241204" Time="102039">AddField jiangsu2015 value "长整型（32 位整型）" # # # # NULLABLE NON_REQUIRED #</Process><Process Name="计算字段" ToolSource="d:\arcgis\pro\Resources\ArcToolbox\toolboxes\Data Management Tools.tbx\CalculateField" Date="20241204" Time="102126">CalculateField jiangsu2015 value 10 "Python 3" # 文本 NO_ENFORCE_DOMAINS</Process><Process ToolSource="d:\arcgis\pro\Resources\ArcToolbox\toolboxes\Analysis Tools.tbx\Intersect" Date="20250102" Time="161623">Intersect "jiangsu2015 #;省界 #" C:\Users\71016\Documents\ArcGIS\Projects\MyProject18\MyProject18.gdb\jiangsu2015_Intersect 所有属性 # 与输入相同</Process><Process ToolSource="d:\arcgis\pro\Resources\ArcToolbox\toolboxes\Data Management Tools.tbx\Merge" Date="20250102" Time="161808">Merge jiangsu2015_Intersect;2016大棚样本 C:\Users\71016\Documents\ArcGIS\Projects\MyProject18\MyProject18.gdb\jiangsu2015_Intersect_Merge "省代码 "省代码" true true false 4 Long 0 0,First,#,jiangsu2015_Intersect,省代码,-1,-1,2016大棚样本,省代码,-1,-1;省 "省" true true false 50 Text 0 0,First,#,jiangsu2015_Intersect,省,0,50,2016大棚样本,省,0,50;类型 "类型" true true false 50 Text 0 0,First,#,jiangsu2015_Intersect,类型,0,50,2016大棚样本,类型,0,50" NO_SOURCE_INFO</Process><Process ToolSource="d:\arcgis\pro\Resources\ArcToolbox\toolboxes\Conversion Tools.tbx\ExportFeatures" Date="20250102" Time="161958">ExportFeatures jiangsu2015_Intersect_Merge D:\GEE分析导出\相关论文\论文数据\样本点数据\2016大棚样本v1.shp # NOT_USE_ALIAS "省代码 "省代码" true true false 4 Long 0 0,First,#,jiangsu2015_Intersect_Merge,省代码,-1,-1;省 "省" true true false 50 Text 0 0,First,#,jiangsu2015_Intersect_Merge,省,0,50;类型 "类型" true true false 50 Text 0 0,First,#,jiangsu2015_Intersect_Merge,类型,0,50" #</Process><Process ToolSource="d:\arcgis\pro\Resources\ArcToolbox\toolboxes\Data Management Tools.tbx\CalculateField" Date="20250113" Time="094501">CalculateField 2016大棚样本v1 type 2016 "Python 3" # 文本 NO_ENFORCE_DOMAINS</Process><Process ToolSource="d:\arcgis\pro\Resources\ArcToolbox\toolboxes\Analysis Tools.tbx\SpatialJoin" Date="20250113" Time="155923">SpatialJoin 2016大棚样本v1 dp2015 C:\Users\71016\Documents\ArcGIS\Projects\MyProject21\MyProject21.gdb\c2016大棚样本v1_SpatialJoin 一对一连接 KEEP_ALL "省代码 "省代码" true true false 10 Long 0 10,First,#,2016大棚样本v1,省代码,-1,-1;省 "省" true true false 50 Text 0 0,First,#,2016大棚样本v1,省,0,50;类型 "类型" true true false 50 Text 0 0,First,#,2016大棚样本v1,类型,0,50;type "type" true true false 254 Text 0 0,First,#,2016大棚样本v1,type,0,254;省代_1 "省代码" true true false 10 Long 0 10,First,#,dp2015,省代码,-1,-1;省_1 "省" true true false 50 Text 0 0,First,#,dp2015,省,0,50;类型_1 "类型" true true false 50 Text 0 0,First,#,dp2015,类型,0,50;name "name" true true false 50 Text 0 0,First,#,dp2015,name,0,50;area "area" true true false 13 Float 0 0,First,#,dp2015,area,-1,-1;area_w "area_w" true true false 13 Float 0 0,First,#,dp2015,area_w,-1,-1;a2010 "a2010" true true false 13 Float 0 0,First,#,dp2015,a2010,-1,-1;a2016 "a2016" true true false 13 Float 0 0,First,#,dp2015,a2016,-1,-1;a2022 "a2022" true true false 13 Float 0 0,First,#,dp2015,a2022,-1,-1;b2010 "b2010" true true false 13 Float 0 0,First,#,dp2015,b2010,-1,-1;b2016 "b2016" true true false 13 Float 0 0,First,#,dp2015,b2016,-1,-1;b2022 "b2022" true true false 13 Float 0 0,First,#,dp2015,b2022,-1,-1;Shape_Leng "Shape_Leng" true true false 19 Double 0 0,First,#,dp2015,Shape_Leng,-1,-1;Shape_Area "Shape_Area" true true false 19 Double 0 0,First,#,dp2015,Shape_Area,-1,-1" 相交 # #</Process><Process ToolSource="d:\arcgis\pro\Resources\ArcToolbox\toolboxes\Data Management Tools.tbx\DeleteField" Date="20250113" Time="161231">DeleteField c2016大棚样本v1_SpatialJoin Join_Count;TARGET_FID 删除字段</Process><Process ToolSource="d:\arcgis\pro\Resources\ArcToolbox\toolboxes\Data Management Tools.tbx\DeleteField" Date="20250113" Time="161244">DeleteField c2016大棚样本v1_SpatialJoin 省代_1;省_1;类型_1;name;area;area_w;a2010;a2016;a2022;b2010;b2016;b2022;Shape_Leng 删除字段</Process><Process ToolSource="d:\arcgis\pro\Resources\ArcToolbox\toolboxes\Conversion Tools.tbx\ExportFeatures" Date="20250113" Time="161303">ExportFeatures c2016大棚样本v1_SpatialJoin D:\GEE分析导出\相关论文\论文数据\样本点数据\v2\2016.shp # NOT_USE_ALIAS "省代码 "省代码" true true false 4 Long 0 0,First,#,c2016大棚样本v1_SpatialJoin,省代码,-1,-1;省 "省" true true false 50 Text 0 0,First,#,c2016大棚样本v1_SpatialJoin,省,0,50;类型 "类型" true true false 50 Text 0 0,First,#,c2016大棚样本v1_SpatialJoin,类型,0,50;type "type" true true false 254 Text 0 0,First,#,c2016大棚样本v1_SpatialJoin,type,0,254" #</Process></lineage><itemProps><itemName Sync="TRUE">2016</itemName><imsContentType Sync="TRUE">002</imsContentType><itemLocation><linkage Sync="TRUE">file://\\GISC05\D$\GEE分析导出\相关论文\论文数据\样本点数据\v2\2016.shp</linkage><protocol Sync="TRUE">Local Area Network</protocol></itemLocation><itemSize Sync="TRUE">0.000</itemSize></itemProps><coordRef><type Sync="TRUE">Geographic</type><geogcsn Sync="TRUE">GCS_WGS_1984</geogcsn><csUnits Sync="TRUE">Angular Unit: Degree (0.017453)</csUnits><peXml Sync="TRUE">&lt;GeographicCoordinateSystem xsi:type='typens:GeographicCoordinateSystem' xmlns:xsi='http://www.w3.org/2001/XMLSchema-instance' xmlns:xs='http://www.w3.org/2001/XMLSchema' xmlns:typens='http://www.esri.com/schemas/ArcGIS/3.0.0'&gt;&lt;WKT&gt;GEOGCS[&amp;quot;GCS_WGS_1984&amp;quot;,DATUM[&amp;quot;D_WGS_1984&amp;quot;,SPHEROID[&amp;quot;WGS_1984&amp;quot;,6378137.0,298.257223563]],PRIMEM[&amp;quot;Greenwich&amp;quot;,0.0],UNIT[&amp;quot;Degree&amp;quot;,0.0174532925199433],AUTHORITY[&amp;quot;EPSG&amp;quot;,4326]]&lt;/WKT&gt;&lt;XOrigin&gt;-399.99999999999989&lt;/XOrigin&gt;&lt;YOrigin&gt;-399.99999999999989&lt;/YOrigin&gt;&lt;XYScale&gt;11258999068426.24&lt;/XYScale&gt;&lt;ZOrigin&gt;-100000&lt;/ZOrigin&gt;&lt;ZScale&gt;10000&lt;/ZScale&gt;&lt;MOrigin&gt;-100000&lt;/MOrigin&gt;&lt;MScale&gt;10000&lt;/MScale&gt;&lt;XYTolerance&gt;8.9831528411952133e-09&lt;/XYTolerance&gt;&lt;ZTolerance&gt;0.001&lt;/ZTolerance&gt;&lt;MTolerance&gt;0.001&lt;/MTolerance&gt;&lt;HighPrecision&gt;true&lt;/HighPrecision&gt;&lt;LeftLongitude&gt;-180&lt;/LeftLongitude&gt;&lt;WKID&gt;4326&lt;/WKID&gt;&lt;LatestWKID&gt;4326&lt;/LatestWKID&gt;&lt;/GeographicCoordinateSystem&gt;</peXml></coordRef></DataProperties><SyncDate>20250113</SyncDate><SyncTime>16130100</SyncTime><ModDate>20250113</ModDate><ModTime>16130100</ModTime></Esri><dataIdInfo><envirDesc Sync="TRUE">Microsoft Windows 10 Version 10.0 (Build 22631) ; Esri ArcGIS 13.0.0.36056</envirDesc><dataLang><languageCode value="zho" Sync="TRUE"></languageCode><countryCode value="CHN" Sync="TRUE"></countryCode></dataLang><idCitation><resTitle Sync="TRUE">2016</resTitle><presForm><PresFormCd value="005" Sync="TRUE"></PresFormCd></presForm></idCitation><spatRpType><SpatRepTypCd value="001" Sync="TRUE"></SpatRepTypCd></spatRpType></dataIdInfo><mdLang><languageCode value="zho" Sync="TRUE"></languageCode><countryCode value="CHN" Sync="TRUE"></countryCode></mdLang><distInfo><distFormat><formatName Sync="TRUE">Shapefile</formatName></distFormat><distTranOps><transSize Sync="TRUE">0.000</transSize></distTranOps></distInfo><mdHrLv><ScopeCd value="005" Sync="TRUE"></ScopeCd></mdHrLv><mdHrLvName Sync="TRUE">dataset</mdHrLvName><refSysInfo><RefSystem><refSysID><identCode code="4326" Sync="TRUE"></identCode><idCodeSpace Sync="TRUE">EPSG</idCodeSpace><idVersion Sync="TRUE">6.2(3.0.1)</idVersion></refSysID></RefSystem></refSysInfo><spatRepInfo><VectSpatRep><geometObjs Name="2016"><geoObjTyp><GeoObjTypCd value="004" Sync="TRUE"></GeoObjTypCd></geoObjTyp><geoObjCnt Sync="TRUE">0</geoObjCnt></geometObjs><topLvl><TopoLevCd value="001" Sync="TRUE"></TopoLevCd></topLvl></VectSpatRep></spatRepInfo><spdoinfo><ptvctinf><esriterm Name="2016"><efeatyp Sync="TRUE">Simple</efeatyp><efeageom code="1" Sync="TRUE"></efeageom><esritopo Sync="TRUE">FALSE</esritopo><efeacnt Sync="TRUE">0</efeacnt><spindex Sync="TRUE">FALSE</spindex><linrefer Sync="TRUE">TRUE</linrefer></esriterm></ptvctinf></spdoinfo><eainfo><detailed Name="2016"><enttyp><enttypl Sync="TRUE">2016</enttypl><enttypt Sync="TRUE">Feature Class</enttypt><enttypc Sync="TRUE">0</enttypc></enttyp><attr><attrlabl Sync="TRUE">FID</attrlabl><attalias Sync="TRUE">FID</attalias><attrtype Sync="TRUE">OID</attrtype><attwidth Sync="TRUE">4</attwidth><atprecis Sync="TRUE">0</atprecis><attscale Sync="TRUE">0</attscale><attrdef Sync="TRUE">Internal feature number.</attrdef><attrdefs Sync="TRUE">Esri</attrdefs><attrdomv><udom Sync="TRUE">Sequential unique whole numbers that are automatically generated.</udom></attrdomv></attr><attr><attrlabl Sync="TRUE">Shape</attrlabl><attalias Sync="TRUE">Shape</attalias><attrtype Sync="TRUE">Geometry</attrtype><attwidth Sync="TRUE">0</attwidth><atprecis Sync="TRUE">0</atprecis><attscale Sync="TRUE">0</attscale><attrdef Sync="TRUE">Feature geometry.</attrdef><attrdefs Sync="TRUE">Esri</attrdefs><attrdomv><udom Sync="TRUE">Coordinates defining the features.</udom></attrdomv></attr><attr><attrlabl Sync="TRUE">省代码</attrlabl><attalias Sync="TRUE">省代码</attalias><attrtype Sync="TRUE">Integer</attrtype><attwidth Sync="TRUE">10</attwidth><atprecis Sync="TRUE">10</atprecis><attscale Sync="TRUE">0</attscale></attr><attr><attrlabl Sync="TRUE">省</attrlabl><attalias Sync="TRUE">省</attalias><attrtype Sync="TRUE">String</attrtype><attwidth Sync="TRUE">50</attwidth><atprecis Sync="TRUE">0</atprecis><attscale Sync="TRUE">0</attscale></attr><attr><attrlabl Sync="TRUE">类型</attrlabl><attalias Sync="TRUE">类型</attalias><attrtype Sync="TRUE">String</attrtype><attwidth Sync="TRUE">50</attwidth><atprecis Sync="TRUE">0</atprecis><attscale Sync="TRUE">0</attscale></attr><attr><attrlabl Sync="TRUE">type</attrlabl><attalias Sync="TRUE">type</attalias><attrtype Sync="TRUE">String</attrtype><attwidth Sync="TRUE">254</attwidth><atprecis Sync="TRUE">0</atprecis><attscale Sync="TRUE">0</attscale></attr></detailed></eainfo><mdDateSt Sync="TRUE">20250113</mdDateSt></metadata>
