<metadata xml:lang="zh"><Esri><CreaDate>20241204</CreaDate><CreaTime>09305700</CreaTime><ArcGISFormat>1.0</ArcGISFormat><SyncOnce>FALSE</SyncOnce><DataProperties><lineage><Process ToolSource="d:\arcgis\pro\Resources\ArcToolbox\toolboxes\Spatial Analyst Tools.tbx\ExtractMultiValuesToPoints" Date="20241204" Time="093057">ExtractMultiValuesToPoints aaaasssd "CLCD_v01_2015_albert_anhui.tif CLCD_v01_2015_albert_anhui;CLCD_v01_2015_albert_beijing.tif CLCD_v01_2015_albert_beijing;CLCD_v01_2015_albert_fujian.tif CLCD_v01_2015_albert_fujian;CLCD_v01_2015_albert_ganshu.tif CLCD_v01_2015_albert_ganshu;CLCD_v01_2015_albert_guangxi.tif CLCD_v01_2015_albert_guangxi;CLCD_v01_2015_albert_guangzhou.tif CLCD_v01_2015_albert_guangzhou;CLCD_v01_2015_albert_guizhou.tif CLCD_v01_2015_albert_guizhou;CLCD_v01_2015_albert_hainan.tif CLCD_v01_2015_albert_hainan;CLCD_v01_2015_albert_hebei.tif CLCD_v01_2015_albert_hebei;CLCD_v01_2015_albert_heilongjiang.tif CLCD_v01_2015_albert_heilongjiang;CLCD_v01_2015_albert_henan.tif CLCD_v01_2015_albert_henan;CLCD_v01_2015_albert_hubei.tif CLCD_v01_2015_albert_hubei;CLCD_v01_2015_albert_hunan.tif CLCD_v01_2015_albert_hunan;CLCD_v01_2015_albert_jiangsu.tif CLCD_v01_2015_albert_jiangsu;CLCD_v01_2015_albert_jiangxi.tif CLCD_v01_2015_albert_jiangxi;CLCD_v01_2015_albert_jining.tif CLCD_v01_2015_albert_jining;CLCD_v01_2015_albert_neimeng.tif CLCD_v01_2015_albert_neimeng;CLCD_v01_2015_albert_niaoning.tif CLCD_v01_2015_albert_niaoning;CLCD_v01_2015_albert_ningxia.tif CLCD_v01_2015_albert_ningxia;CLCD_v01_2015_albert_qinghai.tif CLCD_v01_2015_albert_qinghai;CLCD_v01_2015_albert_shaanxi.tif CLCD_v01_2015_albert_shaanxi;CLCD_v01_2015_albert_shandong.tif CLCD_v01_2015_albert_shandong;CLCD_v01_2015_albert_shanghai.tif CLCD_v01_2015_albert_shanghai;CLCD_v01_2015_albert_shanxi.tif CLCD_v01_2015_albert_shanxi;CLCD_v01_2015_albert_sichuang.tif CLCD_v01_2015_albert_sichuang;CLCD_v01_2015_albert_taiwan.tif CLCD_v01_2015_albert_taiwan;CLCD_v01_2015_albert_tianjin.tif CLCD_v01_2015_albert_tianjin;CLCD_v01_2015_albert_xinjiang.tif CLCD_v01_2015_albert_xinjiang;CLCD_v01_2015_albert_yunnan.tif CLCD_v01_2015_albert_yunnan;CLCD_v01_2015_albert_zhejiang.tif CLCD_v01_2015_albert_zhejiang" NONE</Process><Process ToolSource="d:\arcgis\pro\Resources\ArcToolbox\toolboxes\Data Management Tools.tbx\UpdateSchema" Date="20241204" Time="093326">UpdateSchema "CIMDATA=&lt;CIMStandardDataConnection xsi:type='typens:CIMStandardDataConnection' xmlns:xsi='http://www.w3.org/2001/XMLSchema-instance' xmlns:xs='http://www.w3.org/2001/XMLSchema' xmlns:typens='http://www.esri.com/schemas/ArcGIS/3.0.0'&gt;&lt;WorkspaceConnectionString&gt;DATABASE=C:\Users\71016\Documents\ArcGIS\Projects\MyProject13\MyProject13.gdb&lt;/WorkspaceConnectionString&gt;&lt;WorkspaceFactory&gt;FileGDB&lt;/WorkspaceFactory&gt;&lt;Dataset&gt;aaaasssd&lt;/Dataset&gt;&lt;DatasetType&gt;esriDTFeatureClass&lt;/DatasetType&gt;&lt;/CIMStandardDataConnection&gt;" &lt;operationSequence&gt;&lt;workflow&gt;&lt;AddField&gt;&lt;field_name&gt;value&lt;/field_name&gt;&lt;field_type&gt;LONG&lt;/field_type&gt;&lt;field_is_nullable&gt;True&lt;/field_is_nullable&gt;&lt;field_is_required&gt;False&lt;/field_is_required&gt;&lt;/AddField&gt;&lt;/workflow&gt;&lt;/operationSequence&gt;</Process><Process ToolSource="d:\arcgis\pro\Resources\ArcToolbox\toolboxes\Data Management Tools.tbx\CalculateField" Date="20241204" Time="093533">CalculateField aaaasssd value !CLCD_v01_2015_albert_anhui!+!CLCD_v01_2015_albert_beijing!+!CLCD_v01_2015_albert_fujian!+!CLCD_v01_2015_albert_ganshu!+!CLCD_v01_2015_albert_guangxi!+!CLCD_v01_2015_albert_guangzhou!+!CLCD_v01_2015_albert_guizhou!+!CLCD_v01_2015_albert_hainan!+!CLCD_v01_2015_albert_hebei!+!CLCD_v01_2015_albert_heilongjiang!+!CLCD_v01_2015_albert_henan!+!CLCD_v01_2015_albert_hubei!+!CLCD_v01_2015_albert_hunan!+!CLCD_v01_2015_albert_jiangsu!+!CLCD_v01_2015_albert_jiangxi!+!CLCD_v01_2015_albert_jining!+!CLCD_v01_2015_albert_neimeng!+!CLCD_v01_2015_albert_niaoning!+!CLCD_v01_2015_albert_ningxia!+!CLCD_v01_2015_albert_qinghai!+!CLCD_v01_2015_albert_shaanxi!+!CLCD_v01_2015_albert_shandong!+!CLCD_v01_2015_albert_shanghai!+!CLCD_v01_2015_albert_shanxi!+!CLCD_v01_2015_albert_sichuang!+!CLCD_v01_2015_albert_taiwan!+!CLCD_v01_2015_albert_tianjin!+!CLCD_v01_2015_albert_xinjiang!+!CLCD_v01_2015_albert_yunnan!+!CLCD_v01_2015_albert_zhejiang! "Python 3" # 文本 NO_ENFORCE_DOMAINS</Process><Process ToolSource="d:\arcgis\pro\Resources\ArcToolbox\toolboxes\Conversion Tools.tbx\ExportFeatures" Date="20241204" Time="093641">ExportFeatures aaaasssd D:\GEE分析导出\excel\fdp.shp # NOT_USE_ALIAS "CID "CID" true true false 4 Long 0 0,First,#,aaaasssd,CID,-1,-1;value "value" true true false 4 Long 0 0,First,#,aaaasssd,value,-1,-1;CLCD_v01_2015_albert_anhui "CLCD_v01_2015_albert_anhui" true true false 2 Short 0 0,First,#,aaaasssd,CLCD_v01_2015_albert_anhui,-1,-1;CLCD_v01_2015_albert_beijing "CLCD_v01_2015_albert_beijing" true true false 2 Short 0 0,First,#,aaaasssd,CLCD_v01_2015_albert_beijing,-1,-1;CLCD_v01_2015_albert_fujian "CLCD_v01_2015_albert_fujian" true true false 2 Short 0 0,First,#,aaaasssd,CLCD_v01_2015_albert_fujian,-1,-1;CLCD_v01_2015_albert_ganshu "CLCD_v01_2015_albert_ganshu" true true false 2 Short 0 0,First,#,aaaasssd,CLCD_v01_2015_albert_ganshu,-1,-1;CLCD_v01_2015_albert_guangxi "CLCD_v01_2015_albert_guangxi" true true false 2 Short 0 0,First,#,aaaasssd,CLCD_v01_2015_albert_guangxi,-1,-1;CLCD_v01_2015_albert_guangzhou "CLCD_v01_2015_albert_guangzhou" true true false 2 Short 0 0,First,#,aaaasssd,CLCD_v01_2015_albert_guangzhou,-1,-1;CLCD_v01_2015_albert_guizhou "CLCD_v01_2015_albert_guizhou" true true false 2 Short 0 0,First,#,aaaasssd,CLCD_v01_2015_albert_guizhou,-1,-1;CLCD_v01_2015_albert_hainan "CLCD_v01_2015_albert_hainan" true true false 2 Short 0 0,First,#,aaaasssd,CLCD_v01_2015_albert_hainan,-1,-1;CLCD_v01_2015_albert_hebei "CLCD_v01_2015_albert_hebei" true true false 2 Short 0 0,First,#,aaaasssd,CLCD_v01_2015_albert_hebei,-1,-1;CLCD_v01_2015_albert_heilongjiang "CLCD_v01_2015_albert_heilongjiang" true true false 2 Short 0 0,First,#,aaaasssd,CLCD_v01_2015_albert_heilongjiang,-1,-1;CLCD_v01_2015_albert_henan "CLCD_v01_2015_albert_henan" true true false 2 Short 0 0,First,#,aaaasssd,CLCD_v01_2015_albert_henan,-1,-1;CLCD_v01_2015_albert_hubei "CLCD_v01_2015_albert_hubei" true true false 2 Short 0 0,First,#,aaaasssd,CLCD_v01_2015_albert_hubei,-1,-1;CLCD_v01_2015_albert_hunan "CLCD_v01_2015_albert_hunan" true true false 2 Short 0 0,First,#,aaaasssd,CLCD_v01_2015_albert_hunan,-1,-1;CLCD_v01_2015_albert_jiangsu "CLCD_v01_2015_albert_jiangsu" true true false 2 Short 0 0,First,#,aaaasssd,CLCD_v01_2015_albert_jiangsu,-1,-1;CLCD_v01_2015_albert_jiangxi "CLCD_v01_2015_albert_jiangxi" true true false 2 Short 0 0,First,#,aaaasssd,CLCD_v01_2015_albert_jiangxi,-1,-1;CLCD_v01_2015_albert_jining "CLCD_v01_2015_albert_jining" true true false 2 Short 0 0,First,#,aaaasssd,CLCD_v01_2015_albert_jining,-1,-1;CLCD_v01_2015_albert_neimeng "CLCD_v01_2015_albert_neimeng" true true false 2 Short 0 0,First,#,aaaasssd,CLCD_v01_2015_albert_neimeng,-1,-1;CLCD_v01_2015_albert_niaoning "CLCD_v01_2015_albert_niaoning" true true false 2 Short 0 0,First,#,aaaasssd,CLCD_v01_2015_albert_niaoning,-1,-1;CLCD_v01_2015_albert_ningxia "CLCD_v01_2015_albert_ningxia" true true false 2 Short 0 0,First,#,aaaasssd,CLCD_v01_2015_albert_ningxia,-1,-1;CLCD_v01_2015_albert_qinghai "CLCD_v01_2015_albert_qinghai" true true false 2 Short 0 0,First,#,aaaasssd,CLCD_v01_2015_albert_qinghai,-1,-1;CLCD_v01_2015_albert_shaanxi "CLCD_v01_2015_albert_shaanxi" true true false 2 Short 0 0,First,#,aaaasssd,CLCD_v01_2015_albert_shaanxi,-1,-1;CLCD_v01_2015_albert_shandong "CLCD_v01_2015_albert_shandong" true true false 2 Short 0 0,First,#,aaaasssd,CLCD_v01_2015_albert_shandong,-1,-1;CLCD_v01_2015_albert_shanghai "CLCD_v01_2015_albert_shanghai" true true false 2 Short 0 0,First,#,aaaasssd,CLCD_v01_2015_albert_shanghai,-1,-1;CLCD_v01_2015_albert_shanxi "CLCD_v01_2015_albert_shanxi" true true false 2 Short 0 0,First,#,aaaasssd,CLCD_v01_2015_albert_shanxi,-1,-1;CLCD_v01_2015_albert_sichuang "CLCD_v01_2015_albert_sichuang" true true false 2 Short 0 0,First,#,aaaasssd,CLCD_v01_2015_albert_sichuang,-1,-1;CLCD_v01_2015_albert_taiwan "CLCD_v01_2015_albert_taiwan" true true false 2 Short 0 0,First,#,aaaasssd,CLCD_v01_2015_albert_taiwan,-1,-1;CLCD_v01_2015_albert_tianjin "CLCD_v01_2015_albert_tianjin" true true false 2 Short 0 0,First,#,aaaasssd,CLCD_v01_2015_albert_tianjin,-1,-1;CLCD_v01_2015_albert_xinjiang "CLCD_v01_2015_albert_xinjiang" true true false 2 Short 0 0,First,#,aaaasssd,CLCD_v01_2015_albert_xinjiang,-1,-1;CLCD_v01_2015_albert_yunnan "CLCD_v01_2015_albert_yunnan" true true false 2 Short 0 0,First,#,aaaasssd,CLCD_v01_2015_albert_yunnan,-1,-1;CLCD_v01_2015_albert_zhejiang "CLCD_v01_2015_albert_zhejiang" true true false 2 Short 0 0,First,#,aaaasssd,CLCD_v01_2015_albert_zhejiang,-1,-1" #</Process><Process ToolSource="d:\arcgis\pro\Resources\ArcToolbox\toolboxes\Data Management Tools.tbx\CalculateField" Date="20241204" Time="094109">CalculateField fdp value "!CLCD_v01_2! + !CLCD_v01_3! + !CLCD_v01_4! + !CLCD_v01_5! + !CLCD_v01_6! + !CLCD_v01_7! + !CLCD_v01_8! + !CLCD_v01_9! + !CLCD_v0_10! + !CLCD_v0_11! + !CLCD_v0_12! + !CLCD_v0_13! + !CLCD_v0_14! + !CLCD_v0_15! + !CLCD_v0_16! + !CLCD_v0_17! + !CLCD_v0_18! + !CLCD_v0_19! + !CLCD_v0_20! + !CLCD_v0_21! + !CLCD_v0_23! + !CLCD_v0_22! + !CLCD_v0_24! + !CLCD_v0_25! + !CLCD_v0_26! + !CLCD_v0_27! + !CLCD_v0_28! + !CLCD_v0_29! + !CLCD_v0_30! + !CLCD_v0_31!" "Python 3" # 文本 NO_ENFORCE_DOMAINS</Process><Process ToolSource="d:\arcgis\pro\Resources\ArcToolbox\toolboxes\Data Management Tools.tbx\Merge" Date="20250102" Time="151704">Merge anhuif2015;f110108;f110111v1;f110112;f110113;f110114;f110115;f110115b;f110117;f110118;f110119;fujianf2015v1;gansuf2015v1;guangdongf2015v1;guangxif2015;guizhouf2015;hainanf2015;hainanf2015b;hebeif2015;heilongjiangf2015;heilongjiangf2015b;henanf2015;henanf2015b;hubeif2015;hubeif2015b;hunanf2015;hunanf2015b;jiangsuf2015v3;jiangxif2015v1;jiningf2015v2;jiningf2015v2b;liaoningf2015v1;nemengf2015;nemengf2015b;ningxiaf2015;qinghaif2015;qinghaif2015b;shaanxif2015;shaanxif2015b;shandongf2015v2;shanghaif2015v3;shanxif2015v1;sichuanf2015v3;taiwanf2015;taiwanf2015b;taiwanf2015b1;tianjinf2015;xinjiangf2015v1;xinjiangf2015v1b;yunnanf2015;zejiangf2015v4;zejiangf2015v4b C:\Users\71016\Documents\ArcGIS\Projects\MyProject18\MyProject18.gdb\anhuif2015_Merge "CID "CID" true true false 10 Long 0 10,First,#,anhuif2015,CID,-1,-1,f110108,CID,-1,-1,f110111v1,CID,-1,-1,f110112,CID,-1,-1,f110113,CID,-1,-1,f110114,CID,-1,-1,f110115,CID,-1,-1,f110117,CID,-1,-1,f110118,CID,-1,-1,f110119,CID,-1,-1,fujianf2015v1,CID,-1,-1,gansuf2015v1,CID,-1,-1,guangdongf2015v1,CID,-1,-1,guangxif2015,CID,-1,-1,guizhouf2015,CID,-1,-1,hainanf2015,CID,-1,-1,hainanf2015b,CID,-1,-1,hebeif2015,CID,-1,-1,heilongjiangf2015,CID,-1,-1,heilongjiangf2015b,CID,-1,-1,henanf2015,CID,-1,-1,henanf2015b,CID,-1,-1,hubeif2015,CID,-1,-1,hubeif2015b,CID,-1,-1,hunanf2015,CID,-1,-1,hunanf2015b,CID,-1,-1,jiangsuf2015v3,CID,-1,-1,jiangxif2015v1,CID,-1,-1,jiningf2015v2,CID,-1,-1,jiningf2015v2b,CID,-1,-1,liaoningf2015v1,CID,-1,-1,nemengf2015,CID,-1,-1,nemengf2015b,CID,-1,-1,ningxiaf2015,CID,-1,-1,qinghaif2015,CID,-1,-1,qinghaif2015b,CID,-1,-1,shaanxif2015,CID,-1,-1,shaanxif2015b,CID,-1,-1,shandongf2015v2,CID,-1,-1,shanghaif2015v3,CID,-1,-1,shanxif2015v1,CID,-1,-1,taiwanf2015,CID,-1,-1,taiwanf2015b,CID,-1,-1,taiwanf2015b1,CID,-1,-1,tianjinf2015,CID,-1,-1,xinjiangf2015v1,CID,-1,-1,xinjiangf2015v1b,CID,-1,-1,yunnanf2015,CID,-1,-1,zejiangf2015v4,CID,-1,-1,zejiangf2015v4b,CID,-1,-1;value "value" true true false 10 Long 0 10,First,#,anhuif2015,value,-1,-1,f110108,value,-1,-1,f110111v1,value,-1,-1,f110112,value,-1,-1,f110113,value,-1,-1,f110114,value,-1,-1,f110115,value,-1,-1,f110115b,value,-1,-1,f110117,value,-1,-1,f110118,value,-1,-1,f110119,value,-1,-1,fujianf2015v1,value,-1,-1,gansuf2015v1,value,-1,-1,guangdongf2015v1,value,-1,-1,guangxif2015,value,-1,-1,guizhouf2015,value,-1,-1,hainanf2015,value,-1,-1,hainanf2015b,value,-1,-1,hebeif2015,value,-1,-1,heilongjiangf2015,value,-1,-1,heilongjiangf2015b,value,-1,-1,henanf2015,value,-1,-1,henanf2015b,value,-1,-1,hubeif2015,value,-1,-1,hubeif2015b,value,-1,-1,hunanf2015,value,-1,-1,hunanf2015b,value,-1,-1,jiangsuf2015v3,value,-1,-1,jiangxif2015v1,value,-1,-1,jiningf2015v2,value,-1,-1,jiningf2015v2b,value,-1,-1,liaoningf2015v1,value,-1,-1,nemengf2015,value,-1,-1,nemengf2015b,value,-1,-1,ningxiaf2015,value,-1,-1,qinghaif2015,value,-1,-1,qinghaif2015b,value,-1,-1,shaanxif2015,value,-1,-1,shaanxif2015b,value,-1,-1,shandongf2015v2,value,-1,-1,shanghaif2015v3,value,-1,-1,shanxif2015v1,value,-1,-1,sichuanf2015v3,value,-1,-1,taiwanf2015,value,-1,-1,taiwanf2015b,value,-1,-1,taiwanf2015b1,value,-1,-1,tianjinf2015,value,-1,-1,xinjiangf2015v1,value,-1,-1,xinjiangf2015v1b,value,-1,-1,yunnanf2015,value,-1,-1,zejiangf2015v4,value,-1,-1,zejiangf2015v4b,value,-1,-1;CLCD_v01_2 "CLCD_v01_2" true true false 5 Long 0 5,First,#,anhuif2015,CLCD_v01_2,-1,-1,guangxif2015,CLCD_v01_2,-1,-1,guizhouf2015,CLCD_v01_2,-1,-1,hainanf2015,CLCD_v01_2,-1,-1,hebeif2015,CLCD_v01_2,-1,-1,heilongjiangf2015,CLCD_v01_2,-1,-1,henanf2015,CLCD_v01_2,-1,-1,hubeif2015,CLCD_v01_2,-1,-1,hunanf2015,CLCD_v01_2,-1,-1,nemengf2015,CLCD_v01_2,-1,-1,ningxiaf2015,CLCD_v01_2,-1,-1,qinghaif2015,CLCD_v01_2,-1,-1,shaanxif2015,CLCD_v01_2,-1,-1,taiwanf2015,CLCD_v01_2,-1,-1,tianjinf2015,CLCD_v01_2,-1,-1,yunnanf2015,CLCD_v01_2,-1,-1;CLCD_v01_3 "CLCD_v01_3" true true false 5 Long 0 5,First,#,anhuif2015,CLCD_v01_3,-1,-1,guangxif2015,CLCD_v01_3,-1,-1,guizhouf2015,CLCD_v01_3,-1,-1,hainanf2015,CLCD_v01_3,-1,-1,hebeif2015,CLCD_v01_3,-1,-1,heilongjiangf2015,CLCD_v01_3,-1,-1,henanf2015,CLCD_v01_3,-1,-1,hubeif2015,CLCD_v01_3,-1,-1,hunanf2015,CLCD_v01_3,-1,-1,nemengf2015,CLCD_v01_3,-1,-1,ningxiaf2015,CLCD_v01_3,-1,-1,qinghaif2015,CLCD_v01_3,-1,-1,shaanxif2015,CLCD_v01_3,-1,-1,taiwanf2015,CLCD_v01_3,-1,-1,tianjinf2015,CLCD_v01_3,-1,-1,yunnanf2015,CLCD_v01_3,-1,-1;CLCD_v01_4 "CLCD_v01_4" true true false 5 Long 0 5,First,#,anhuif2015,CLCD_v01_4,-1,-1,guangxif2015,CLCD_v01_4,-1,-1,guizhouf2015,CLCD_v01_4,-1,-1,hainanf2015,CLCD_v01_4,-1,-1,hebeif2015,CLCD_v01_4,-1,-1,heilongjiangf2015,CLCD_v01_4,-1,-1,henanf2015,CLCD_v01_4,-1,-1,hubeif2015,CLCD_v01_4,-1,-1,hunanf2015,CLCD_v01_4,-1,-1,nemengf2015,CLCD_v01_4,-1,-1,ningxiaf2015,CLCD_v01_4,-1,-1,qinghaif2015,CLCD_v01_4,-1,-1,shaanxif2015,CLCD_v01_4,-1,-1,taiwanf2015,CLCD_v01_4,-1,-1,tianjinf2015,CLCD_v01_4,-1,-1,yunnanf2015,CLCD_v01_4,-1,-1;CLCD_v01_5 "CLCD_v01_5" true true false 5 Long 0 5,First,#,anhuif2015,CLCD_v01_5,-1,-1,guangxif2015,CLCD_v01_5,-1,-1,guizhouf2015,CLCD_v01_5,-1,-1,hainanf2015,CLCD_v01_5,-1,-1,hebeif2015,CLCD_v01_5,-1,-1,heilongjiangf2015,CLCD_v01_5,-1,-1,henanf2015,CLCD_v01_5,-1,-1,hubeif2015,CLCD_v01_5,-1,-1,hunanf2015,CLCD_v01_5,-1,-1,nemengf2015,CLCD_v01_5,-1,-1,ningxiaf2015,CLCD_v01_5,-1,-1,qinghaif2015,CLCD_v01_5,-1,-1,shaanxif2015,CLCD_v01_5,-1,-1,taiwanf2015,CLCD_v01_5,-1,-1,tianjinf2015,CLCD_v01_5,-1,-1,yunnanf2015,CLCD_v01_5,-1,-1;CLCD_v01_6 "CLCD_v01_6" true true false 5 Long 0 5,First,#,anhuif2015,CLCD_v01_6,-1,-1,guangxif2015,CLCD_v01_6,-1,-1,guizhouf2015,CLCD_v01_6,-1,-1,hainanf2015,CLCD_v01_6,-1,-1,hebeif2015,CLCD_v01_6,-1,-1,heilongjiangf2015,CLCD_v01_6,-1,-1,henanf2015,CLCD_v01_6,-1,-1,hubeif2015,CLCD_v01_6,-1,-1,hunanf2015,CLCD_v01_6,-1,-1,nemengf2015,CLCD_v01_6,-1,-1,ningxiaf2015,CLCD_v01_6,-1,-1,qinghaif2015,CLCD_v01_6,-1,-1,shaanxif2015,CLCD_v01_6,-1,-1,taiwanf2015,CLCD_v01_6,-1,-1,tianjinf2015,CLCD_v01_6,-1,-1,yunnanf2015,CLCD_v01_6,-1,-1;CLCD_v01_7 "CLCD_v01_7" true true false 5 Long 0 5,First,#,anhuif2015,CLCD_v01_7,-1,-1,guangxif2015,CLCD_v01_7,-1,-1,guizhouf2015,CLCD_v01_7,-1,-1,hainanf2015,CLCD_v01_7,-1,-1,hebeif2015,CLCD_v01_7,-1,-1,heilongjiangf2015,CLCD_v01_7,-1,-1,henanf2015,CLCD_v01_7,-1,-1,hubeif2015,CLCD_v01_7,-1,-1,hunanf2015,CLCD_v01_7,-1,-1,nemengf2015,CLCD_v01_7,-1,-1,ningxiaf2015,CLCD_v01_7,-1,-1,qinghaif2015,CLCD_v01_7,-1,-1,shaanxif2015,CLCD_v01_7,-1,-1,taiwanf2015,CLCD_v01_7,-1,-1,tianjinf2015,CLCD_v01_7,-1,-1,yunnanf2015,CLCD_v01_7,-1,-1;CLCD_v01_8 "CLCD_v01_8" true true false 5 Long 0 5,First,#,anhuif2015,CLCD_v01_8,-1,-1,guangxif2015,CLCD_v01_8,-1,-1,guizhouf2015,CLCD_v01_8,-1,-1,hainanf2015,CLCD_v01_8,-1,-1,hebeif2015,CLCD_v01_8,-1,-1,heilongjiangf2015,CLCD_v01_8,-1,-1,henanf2015,CLCD_v01_8,-1,-1,hubeif2015,CLCD_v01_8,-1,-1,hunanf2015,CLCD_v01_8,-1,-1,nemengf2015,CLCD_v01_8,-1,-1,ningxiaf2015,CLCD_v01_8,-1,-1,qinghaif2015,CLCD_v01_8,-1,-1,shaanxif2015,CLCD_v01_8,-1,-1,taiwanf2015,CLCD_v01_8,-1,-1,tianjinf2015,CLCD_v01_8,-1,-1,yunnanf2015,CLCD_v01_8,-1,-1;CLCD_v01_9 "CLCD_v01_9" true true false 5 Long 0 5,First,#,anhuif2015,CLCD_v01_9,-1,-1,guangxif2015,CLCD_v01_9,-1,-1,guizhouf2015,CLCD_v01_9,-1,-1,hainanf2015,CLCD_v01_9,-1,-1,hebeif2015,CLCD_v01_9,-1,-1,heilongjiangf2015,CLCD_v01_9,-1,-1,henanf2015,CLCD_v01_9,-1,-1,hubeif2015,CLCD_v01_9,-1,-1,hunanf2015,CLCD_v01_9,-1,-1,nemengf2015,CLCD_v01_9,-1,-1,ningxiaf2015,CLCD_v01_9,-1,-1,qinghaif2015,CLCD_v01_9,-1,-1,shaanxif2015,CLCD_v01_9,-1,-1,taiwanf2015,CLCD_v01_9,-1,-1,tianjinf2015,CLCD_v01_9,-1,-1,yunnanf2015,CLCD_v01_9,-1,-1;CLCD_v0_10 "CLCD_v0_10" true true false 5 Long 0 5,First,#,anhuif2015,CLCD_v0_10,-1,-1,guangxif2015,CLCD_v0_10,-1,-1,guizhouf2015,CLCD_v0_10,-1,-1,hainanf2015,CLCD_v0_10,-1,-1,hebeif2015,CLCD_v0_10,-1,-1,heilongjiangf2015,CLCD_v0_10,-1,-1,henanf2015,CLCD_v0_10,-1,-1,hubeif2015,CLCD_v0_10,-1,-1,hunanf2015,CLCD_v0_10,-1,-1,nemengf2015,CLCD_v0_10,-1,-1,ningxiaf2015,CLCD_v0_10,-1,-1,qinghaif2015,CLCD_v0_10,-1,-1,shaanxif2015,CLCD_v0_10,-1,-1,taiwanf2015,CLCD_v0_10,-1,-1,tianjinf2015,CLCD_v0_10,-1,-1,yunnanf2015,CLCD_v0_10,-1,-1;CLCD_v0_11 "CLCD_v0_11" true true false 5 Long 0 5,First,#,anhuif2015,CLCD_v0_11,-1,-1,guangxif2015,CLCD_v0_11,-1,-1,guizhouf2015,CLCD_v0_11,-1,-1,hainanf2015,CLCD_v0_11,-1,-1,hebeif2015,CLCD_v0_11,-1,-1,heilongjiangf2015,CLCD_v0_11,-1,-1,henanf2015,CLCD_v0_11,-1,-1,hubeif2015,CLCD_v0_11,-1,-1,hunanf2015,CLCD_v0_11,-1,-1,nemengf2015,CLCD_v0_11,-1,-1,ningxiaf2015,CLCD_v0_11,-1,-1,qinghaif2015,CLCD_v0_11,-1,-1,shaanxif2015,CLCD_v0_11,-1,-1,taiwanf2015,CLCD_v0_11,-1,-1,tianjinf2015,CLCD_v0_11,-1,-1,yunnanf2015,CLCD_v0_11,-1,-1;CLCD_v0_12 "CLCD_v0_12" true true false 5 Long 0 5,First,#,anhuif2015,CLCD_v0_12,-1,-1,guangxif2015,CLCD_v0_12,-1,-1,guizhouf2015,CLCD_v0_12,-1,-1,hainanf2015,CLCD_v0_12,-1,-1,hebeif2015,CLCD_v0_12,-1,-1,heilongjiangf2015,CLCD_v0_12,-1,-1,henanf2015,CLCD_v0_12,-1,-1,hubeif2015,CLCD_v0_12,-1,-1,hunanf2015,CLCD_v0_12,-1,-1,nemengf2015,CLCD_v0_12,-1,-1,ningxiaf2015,CLCD_v0_12,-1,-1,qinghaif2015,CLCD_v0_12,-1,-1,shaanxif2015,CLCD_v0_12,-1,-1,taiwanf2015,CLCD_v0_12,-1,-1,tianjinf2015,CLCD_v0_12,-1,-1,yunnanf2015,CLCD_v0_12,-1,-1;CLCD_v0_13 "CLCD_v0_13" true true false 5 Long 0 5,First,#,anhuif2015,CLCD_v0_13,-1,-1,guangxif2015,CLCD_v0_13,-1,-1,guizhouf2015,CLCD_v0_13,-1,-1,hainanf2015,CLCD_v0_13,-1,-1,hebeif2015,CLCD_v0_13,-1,-1,heilongjiangf2015,CLCD_v0_13,-1,-1,henanf2015,CLCD_v0_13,-1,-1,hubeif2015,CLCD_v0_13,-1,-1,hunanf2015,CLCD_v0_13,-1,-1,nemengf2015,CLCD_v0_13,-1,-1,ningxiaf2015,CLCD_v0_13,-1,-1,qinghaif2015,CLCD_v0_13,-1,-1,shaanxif2015,CLCD_v0_13,-1,-1,taiwanf2015,CLCD_v0_13,-1,-1,tianjinf2015,CLCD_v0_13,-1,-1,yunnanf2015,CLCD_v0_13,-1,-1;CLCD_v0_14 "CLCD_v0_14" true true false 5 Long 0 5,First,#,anhuif2015,CLCD_v0_14,-1,-1,guangxif2015,CLCD_v0_14,-1,-1,guizhouf2015,CLCD_v0_14,-1,-1,hainanf2015,CLCD_v0_14,-1,-1,hebeif2015,CLCD_v0_14,-1,-1,heilongjiangf2015,CLCD_v0_14,-1,-1,henanf2015,CLCD_v0_14,-1,-1,hubeif2015,CLCD_v0_14,-1,-1,hunanf2015,CLCD_v0_14,-1,-1,nemengf2015,CLCD_v0_14,-1,-1,ningxiaf2015,CLCD_v0_14,-1,-1,qinghaif2015,CLCD_v0_14,-1,-1,shaanxif2015,CLCD_v0_14,-1,-1,taiwanf2015,CLCD_v0_14,-1,-1,tianjinf2015,CLCD_v0_14,-1,-1,yunnanf2015,CLCD_v0_14,-1,-1;CLCD_v0_15 "CLCD_v0_15" true true false 5 Long 0 5,First,#,anhuif2015,CLCD_v0_15,-1,-1,guangxif2015,CLCD_v0_15,-1,-1,guizhouf2015,CLCD_v0_15,-1,-1,hainanf2015,CLCD_v0_15,-1,-1,hebeif2015,CLCD_v0_15,-1,-1,heilongjiangf2015,CLCD_v0_15,-1,-1,henanf2015,CLCD_v0_15,-1,-1,hubeif2015,CLCD_v0_15,-1,-1,hunanf2015,CLCD_v0_15,-1,-1,nemengf2015,CLCD_v0_15,-1,-1,ningxiaf2015,CLCD_v0_15,-1,-1,qinghaif2015,CLCD_v0_15,-1,-1,shaanxif2015,CLCD_v0_15,-1,-1,taiwanf2015,CLCD_v0_15,-1,-1,tianjinf2015,CLCD_v0_15,-1,-1,yunnanf2015,CLCD_v0_15,-1,-1;CLCD_v0_16 "CLCD_v0_16" true true false 5 Long 0 5,First,#,anhuif2015,CLCD_v0_16,-1,-1,guangxif2015,CLCD_v0_16,-1,-1,guizhouf2015,CLCD_v0_16,-1,-1,hainanf2015,CLCD_v0_16,-1,-1,hebeif2015,CLCD_v0_16,-1,-1,heilongjiangf2015,CLCD_v0_16,-1,-1,henanf2015,CLCD_v0_16,-1,-1,hubeif2015,CLCD_v0_16,-1,-1,hunanf2015,CLCD_v0_16,-1,-1,nemengf2015,CLCD_v0_16,-1,-1,ningxiaf2015,CLCD_v0_16,-1,-1,qinghaif2015,CLCD_v0_16,-1,-1,shaanxif2015,CLCD_v0_16,-1,-1,taiwanf2015,CLCD_v0_16,-1,-1,tianjinf2015,CLCD_v0_16,-1,-1,yunnanf2015,CLCD_v0_16,-1,-1;CLCD_v0_17 "CLCD_v0_17" true true false 5 Long 0 5,First,#,anhuif2015,CLCD_v0_17,-1,-1,guangxif2015,CLCD_v0_17,-1,-1,guizhouf2015,CLCD_v0_17,-1,-1,hainanf2015,CLCD_v0_17,-1,-1,hebeif2015,CLCD_v0_17,-1,-1,heilongjiangf2015,CLCD_v0_17,-1,-1,henanf2015,CLCD_v0_17,-1,-1,hubeif2015,CLCD_v0_17,-1,-1,hunanf2015,CLCD_v0_17,-1,-1,nemengf2015,CLCD_v0_17,-1,-1,ningxiaf2015,CLCD_v0_17,-1,-1,qinghaif2015,CLCD_v0_17,-1,-1,shaanxif2015,CLCD_v0_17,-1,-1,taiwanf2015,CLCD_v0_17,-1,-1,tianjinf2015,CLCD_v0_17,-1,-1,yunnanf2015,CLCD_v0_17,-1,-1;CLCD_v0_18 "CLCD_v0_18" true true false 5 Long 0 5,First,#,anhuif2015,CLCD_v0_18,-1,-1,guangxif2015,CLCD_v0_18,-1,-1,guizhouf2015,CLCD_v0_18,-1,-1,hainanf2015,CLCD_v0_18,-1,-1,hebeif2015,CLCD_v0_18,-1,-1,heilongjiangf2015,CLCD_v0_18,-1,-1,henanf2015,CLCD_v0_18,-1,-1,hubeif2015,CLCD_v0_18,-1,-1,hunanf2015,CLCD_v0_18,-1,-1,nemengf2015,CLCD_v0_18,-1,-1,ningxiaf2015,CLCD_v0_18,-1,-1,qinghaif2015,CLCD_v0_18,-1,-1,shaanxif2015,CLCD_v0_18,-1,-1,taiwanf2015,CLCD_v0_18,-1,-1,tianjinf2015,CLCD_v0_18,-1,-1,yunnanf2015,CLCD_v0_18,-1,-1;CLCD_v0_19 "CLCD_v0_19" true true false 5 Long 0 5,First,#,anhuif2015,CLCD_v0_19,-1,-1,guangxif2015,CLCD_v0_19,-1,-1,guizhouf2015,CLCD_v0_19,-1,-1,hainanf2015,CLCD_v0_19,-1,-1,hebeif2015,CLCD_v0_19,-1,-1,heilongjiangf2015,CLCD_v0_19,-1,-1,henanf2015,CLCD_v0_19,-1,-1,hubeif2015,CLCD_v0_19,-1,-1,hunanf2015,CLCD_v0_19,-1,-1,nemengf2015,CLCD_v0_19,-1,-1,ningxiaf2015,CLCD_v0_19,-1,-1,qinghaif2015,CLCD_v0_19,-1,-1,shaanxif2015,CLCD_v0_19,-1,-1,taiwanf2015,CLCD_v0_19,-1,-1,tianjinf2015,CLCD_v0_19,-1,-1,yunnanf2015,CLCD_v0_19,-1,-1;CLCD_v0_20 "CLCD_v0_20" true true false 5 Long 0 5,First,#,anhuif2015,CLCD_v0_20,-1,-1,guangxif2015,CLCD_v0_20,-1,-1,guizhouf2015,CLCD_v0_20,-1,-1,hainanf2015,CLCD_v0_20,-1,-1,hebeif2015,CLCD_v0_20,-1,-1,heilongjiangf2015,CLCD_v0_20,-1,-1,henanf2015,CLCD_v0_20,-1,-1,hubeif2015,CLCD_v0_20,-1,-1,hunanf2015,CLCD_v0_20,-1,-1,nemengf2015,CLCD_v0_20,-1,-1,ningxiaf2015,CLCD_v0_20,-1,-1,qinghaif2015,CLCD_v0_20,-1,-1,shaanxif2015,CLCD_v0_20,-1,-1,taiwanf2015,CLCD_v0_20,-1,-1,tianjinf2015,CLCD_v0_20,-1,-1,yunnanf2015,CLCD_v0_20,-1,-1;CLCD_v0_21 "CLCD_v0_21" true true false 5 Long 0 5,First,#,anhuif2015,CLCD_v0_21,-1,-1,guangxif2015,CLCD_v0_21,-1,-1,guizhouf2015,CLCD_v0_21,-1,-1,hainanf2015,CLCD_v0_21,-1,-1,hebeif2015,CLCD_v0_21,-1,-1,heilongjiangf2015,CLCD_v0_21,-1,-1,henanf2015,CLCD_v0_21,-1,-1,hubeif2015,CLCD_v0_21,-1,-1,hunanf2015,CLCD_v0_21,-1,-1,nemengf2015,CLCD_v0_21,-1,-1,ningxiaf2015,CLCD_v0_21,-1,-1,qinghaif2015,CLCD_v0_21,-1,-1,shaanxif2015,CLCD_v0_21,-1,-1,taiwanf2015,CLCD_v0_21,-1,-1,tianjinf2015,CLCD_v0_21,-1,-1,yunnanf2015,CLCD_v0_21,-1,-1;CLCD_v0_22 "CLCD_v0_22" true true false 5 Long 0 5,First,#,anhuif2015,CLCD_v0_22,-1,-1,guangxif2015,CLCD_v0_22,-1,-1,guizhouf2015,CLCD_v0_22,-1,-1,hainanf2015,CLCD_v0_22,-1,-1,hebeif2015,CLCD_v0_22,-1,-1,heilongjiangf2015,CLCD_v0_22,-1,-1,henanf2015,CLCD_v0_22,-1,-1,hubeif2015,CLCD_v0_22,-1,-1,hunanf2015,CLCD_v0_22,-1,-1,nemengf2015,CLCD_v0_22,-1,-1,ningxiaf2015,CLCD_v0_22,-1,-1,qinghaif2015,CLCD_v0_22,-1,-1,shaanxif2015,CLCD_v0_22,-1,-1,taiwanf2015,CLCD_v0_22,-1,-1,tianjinf2015,CLCD_v0_22,-1,-1,yunnanf2015,CLCD_v0_22,-1,-1;CLCD_v0_23 "CLCD_v0_23" true true false 5 Long 0 5,First,#,anhuif2015,CLCD_v0_23,-1,-1,guangxif2015,CLCD_v0_23,-1,-1,guizhouf2015,CLCD_v0_23,-1,-1,hainanf2015,CLCD_v0_23,-1,-1,hebeif2015,CLCD_v0_23,-1,-1,heilongjiangf2015,CLCD_v0_23,-1,-1,henanf2015,CLCD_v0_23,-1,-1,hubeif2015,CLCD_v0_23,-1,-1,hunanf2015,CLCD_v0_23,-1,-1,nemengf2015,CLCD_v0_23,-1,-1,ningxiaf2015,CLCD_v0_23,-1,-1,qinghaif2015,CLCD_v0_23,-1,-1,shaanxif2015,CLCD_v0_23,-1,-1,taiwanf2015,CLCD_v0_23,-1,-1,tianjinf2015,CLCD_v0_23,-1,-1,yunnanf2015,CLCD_v0_23,-1,-1;CLCD_v0_24 "CLCD_v0_24" true true false 5 Long 0 5,First,#,anhuif2015,CLCD_v0_24,-1,-1,guangxif2015,CLCD_v0_24,-1,-1,guizhouf2015,CLCD_v0_24,-1,-1,hainanf2015,CLCD_v0_24,-1,-1,hebeif2015,CLCD_v0_24,-1,-1,heilongjiangf2015,CLCD_v0_24,-1,-1,henanf2015,CLCD_v0_24,-1,-1,hubeif2015,CLCD_v0_24,-1,-1,hunanf2015,CLCD_v0_24,-1,-1,nemengf2015,CLCD_v0_24,-1,-1,ningxiaf2015,CLCD_v0_24,-1,-1,qinghaif2015,CLCD_v0_24,-1,-1,shaanxif2015,CLCD_v0_24,-1,-1,taiwanf2015,CLCD_v0_24,-1,-1,tianjinf2015,CLCD_v0_24,-1,-1,yunnanf2015,CLCD_v0_24,-1,-1;CLCD_v0_25 "CLCD_v0_25" true true false 5 Long 0 5,First,#,anhuif2015,CLCD_v0_25,-1,-1,guangxif2015,CLCD_v0_25,-1,-1,guizhouf2015,CLCD_v0_25,-1,-1,hainanf2015,CLCD_v0_25,-1,-1,hebeif2015,CLCD_v0_25,-1,-1,heilongjiangf2015,CLCD_v0_25,-1,-1,henanf2015,CLCD_v0_25,-1,-1,hubeif2015,CLCD_v0_25,-1,-1,hunanf2015,CLCD_v0_25,-1,-1,nemengf2015,CLCD_v0_25,-1,-1,ningxiaf2015,CLCD_v0_25,-1,-1,qinghaif2015,CLCD_v0_25,-1,-1,shaanxif2015,CLCD_v0_25,-1,-1,taiwanf2015,CLCD_v0_25,-1,-1,tianjinf2015,CLCD_v0_25,-1,-1,yunnanf2015,CLCD_v0_25,-1,-1;CLCD_v0_26 "CLCD_v0_26" true true false 5 Long 0 5,First,#,anhuif2015,CLCD_v0_26,-1,-1,guangxif2015,CLCD_v0_26,-1,-1,guizhouf2015,CLCD_v0_26,-1,-1,hainanf2015,CLCD_v0_26,-1,-1,hebeif2015,CLCD_v0_26,-1,-1,heilongjiangf2015,CLCD_v0_26,-1,-1,henanf2015,CLCD_v0_26,-1,-1,hubeif2015,CLCD_v0_26,-1,-1,hunanf2015,CLCD_v0_26,-1,-1,nemengf2015,CLCD_v0_26,-1,-1,ningxiaf2015,CLCD_v0_26,-1,-1,qinghaif2015,CLCD_v0_26,-1,-1,shaanxif2015,CLCD_v0_26,-1,-1,taiwanf2015,CLCD_v0_26,-1,-1,tianjinf2015,CLCD_v0_26,-1,-1,yunnanf2015,CLCD_v0_26,-1,-1;CLCD_v0_27 "CLCD_v0_27" true true false 5 Long 0 5,First,#,anhuif2015,CLCD_v0_27,-1,-1,guangxif2015,CLCD_v0_27,-1,-1,guizhouf2015,CLCD_v0_27,-1,-1,hainanf2015,CLCD_v0_27,-1,-1,hebeif2015,CLCD_v0_27,-1,-1,heilongjiangf2015,CLCD_v0_27,-1,-1,henanf2015,CLCD_v0_27,-1,-1,hubeif2015,CLCD_v0_27,-1,-1,hunanf2015,CLCD_v0_27,-1,-1,nemengf2015,CLCD_v0_27,-1,-1,ningxiaf2015,CLCD_v0_27,-1,-1,qinghaif2015,CLCD_v0_27,-1,-1,shaanxif2015,CLCD_v0_27,-1,-1,taiwanf2015,CLCD_v0_27,-1,-1,tianjinf2015,CLCD_v0_27,-1,-1,yunnanf2015,CLCD_v0_27,-1,-1;CLCD_v0_28 "CLCD_v0_28" true true false 5 Long 0 5,First,#,anhuif2015,CLCD_v0_28,-1,-1,guangxif2015,CLCD_v0_28,-1,-1,guizhouf2015,CLCD_v0_28,-1,-1,hainanf2015,CLCD_v0_28,-1,-1,hebeif2015,CLCD_v0_28,-1,-1,heilongjiangf2015,CLCD_v0_28,-1,-1,henanf2015,CLCD_v0_28,-1,-1,hubeif2015,CLCD_v0_28,-1,-1,hunanf2015,CLCD_v0_28,-1,-1,nemengf2015,CLCD_v0_28,-1,-1,ningxiaf2015,CLCD_v0_28,-1,-1,qinghaif2015,CLCD_v0_28,-1,-1,shaanxif2015,CLCD_v0_28,-1,-1,taiwanf2015,CLCD_v0_28,-1,-1,tianjinf2015,CLCD_v0_28,-1,-1,yunnanf2015,CLCD_v0_28,-1,-1;CLCD_v0_29 "CLCD_v0_29" true true false 5 Long 0 5,First,#,anhuif2015,CLCD_v0_29,-1,-1,guangxif2015,CLCD_v0_29,-1,-1,guizhouf2015,CLCD_v0_29,-1,-1,hainanf2015,CLCD_v0_29,-1,-1,hebeif2015,CLCD_v0_29,-1,-1,heilongjiangf2015,CLCD_v0_29,-1,-1,henanf2015,CLCD_v0_29,-1,-1,hubeif2015,CLCD_v0_29,-1,-1,hunanf2015,CLCD_v0_29,-1,-1,nemengf2015,CLCD_v0_29,-1,-1,ningxiaf2015,CLCD_v0_29,-1,-1,qinghaif2015,CLCD_v0_29,-1,-1,shaanxif2015,CLCD_v0_29,-1,-1,taiwanf2015,CLCD_v0_29,-1,-1,tianjinf2015,CLCD_v0_29,-1,-1,yunnanf2015,CLCD_v0_29,-1,-1;CLCD_v0_30 "CLCD_v0_30" true true false 5 Long 0 5,First,#,anhuif2015,CLCD_v0_30,-1,-1,guangxif2015,CLCD_v0_30,-1,-1,guizhouf2015,CLCD_v0_30,-1,-1,hainanf2015,CLCD_v0_30,-1,-1,hebeif2015,CLCD_v0_30,-1,-1,heilongjiangf2015,CLCD_v0_30,-1,-1,henanf2015,CLCD_v0_30,-1,-1,hubeif2015,CLCD_v0_30,-1,-1,hunanf2015,CLCD_v0_30,-1,-1,nemengf2015,CLCD_v0_30,-1,-1,ningxiaf2015,CLCD_v0_30,-1,-1,qinghaif2015,CLCD_v0_30,-1,-1,shaanxif2015,CLCD_v0_30,-1,-1,taiwanf2015,CLCD_v0_30,-1,-1,tianjinf2015,CLCD_v0_30,-1,-1,yunnanf2015,CLCD_v0_30,-1,-1;CLCD_v0_31 "CLCD_v0_31" true true false 5 Long 0 5,First,#,anhuif2015,CLCD_v0_31,-1,-1,guangxif2015,CLCD_v0_31,-1,-1,guizhouf2015,CLCD_v0_31,-1,-1,hainanf2015,CLCD_v0_31,-1,-1,hebeif2015,CLCD_v0_31,-1,-1,heilongjiangf2015,CLCD_v0_31,-1,-1,henanf2015,CLCD_v0_31,-1,-1,hubeif2015,CLCD_v0_31,-1,-1,hunanf2015,CLCD_v0_31,-1,-1,nemengf2015,CLCD_v0_31,-1,-1,ningxiaf2015,CLCD_v0_31,-1,-1,qinghaif2015,CLCD_v0_31,-1,-1,shaanxif2015,CLCD_v0_31,-1,-1,taiwanf2015,CLCD_v0_31,-1,-1,tianjinf2015,CLCD_v0_31,-1,-1,yunnanf2015,CLCD_v0_31,-1,-1;RASTERVALU "RASTERVALU" true true false 5 Long 0 5,First,#,f110108,RASTERVALU,-1,-1,f110111v1,RASTERVALU,-1,-1,f110112,RASTERVALU,-1,-1,f110113,RASTERVALU,-1,-1,f110114,RASTERVALU,-1,-1,f110115,RASTERVALU,-1,-1,f110115b,RASTERVALU,-1,-1,f110117,RASTERVALU,-1,-1,f110118,RASTERVALU,-1,-1,f110119,RASTERVALU,-1,-1,fujianf2015v1,RASTERVALU,-1,-1,gansuf2015v1,RASTERVALU,-1,-1,guangdongf2015v1,RASTERVALU,-1,-1,hainanf2015b,RASTERVALU,-1,-1,heilongjiangf2015b,RASTERVALU,-1,-1,henanf2015b,RASTERVALU,-1,-1,hubeif2015b,RASTERVALU,-1,-1,hunanf2015b,RASTERVALU,-1,-1,jiangsuf2015v3,RASTERVALU,-1,-1,jiangxif2015v1,RASTERVALU,-1,-1,jiningf2015v2,RASTERVALU,-1,-1,jiningf2015v2b,RASTERVALU,-1,-1,nemengf2015b,RASTERVALU,-1,-1,qinghaif2015b,RASTERVALU,-1,-1,shaanxif2015b,RASTERVALU,-1,-1,shandongf2015v2,RASTERVALU,-1,-1,shanghaif2015v3,RASTERVALU,-1,-1,shanxif2015v1,RASTERVALU,-1,-1,sichuanf2015v3,RASTERVALU,-1,-1,taiwanf2015b,RASTERVALU,-1,-1,taiwanf2015b1,RASTERVALU,-1,-1,xinjiangf2015v1,RASTERVALU,-1,-1,xinjiangf2015v1b,RASTERVALU,-1,-1,zejiangf2015v4,RASTERVALU,-1,-1,zejiangf2015v4b,RASTERVALU,-1,-1;Id "Id" true true false 10 Long 0 10,First,#,f110115b,Id,-1,-1,sichuanf2015v3,Id,-1,-1;gridcode "gridcode" true true false 10 Long 0 10,First,#,f110115b,gridcode,-1,-1;ORIG_FID "ORIG_FID" true true false 10 Long 0 10,First,#,f110115b,ORIG_FID,-1,-1" NO_SOURCE_INFO</Process><Process ToolSource="d:\arcgis\pro\Resources\ArcToolbox\toolboxes\Analysis Tools.tbx\Intersect" Date="20250102" Time="152004">Intersect "anhuif2015_Merge #;省界 #" C:\Users\71016\Documents\ArcGIS\Projects\MyProject18\MyProject18.gdb\anhuif2015_Merge_Intersect 所有属性 # 与输入相同</Process><Process ToolSource="d:\arcgis\pro\Resources\ArcToolbox\toolboxes\Data Management Tools.tbx\DeleteField" Date="20250102" Time="152156">DeleteField anhuif2015_Merge_Intersect FID_anhuif2015_Merge;CID;value;CLCD_v01_2;CLCD_v01_3;CLCD_v01_4;CLCD_v01_5;CLCD_v01_6;CLCD_v01_7;CLCD_v01_8;CLCD_v01_9;CLCD_v0_10;CLCD_v0_11;CLCD_v0_12;CLCD_v0_13;CLCD_v0_14;CLCD_v0_15;CLCD_v0_16;CLCD_v0_17 删除字段</Process><Process ToolSource="d:\arcgis\pro\Resources\ArcToolbox\toolboxes\Data Management Tools.tbx\DeleteField" Date="20250102" Time="152410">DeleteField anhuif2015_Merge_Intersect CLCD_v0_18;CLCD_v0_19;CLCD_v0_20;CLCD_v0_21;CLCD_v0_22;CLCD_v0_23;CLCD_v0_24;CLCD_v0_25;CLCD_v0_26;CLCD_v0_27;CLCD_v0_28;CLCD_v0_29;CLCD_v0_30;CLCD_v0_31;RASTERVALU;Id;gridcode;ORIG_FID;FID_省界 删除字段</Process><Process ToolSource="d:\arcgis\pro\Resources\ArcToolbox\toolboxes\Conversion Tools.tbx\ExportFeatures" Date="20250102" Time="152454">ExportFeatures anhuif2015_Merge_Intersect D:\GEE分析导出\相关论文\论文数据\样本点数据\2016非大棚样本.shp # NOT_USE_ALIAS "省代码 "省代码" true true false 4 Long 0 0,First,#,anhuif2015_Merge_Intersect,省代码,-1,-1;省 "省" true true false 50 Text 0 0,First,#,anhuif2015_Merge_Intersect,省,0,50;类型 "类型" true true false 50 Text 0 0,First,#,anhuif2015_Merge_Intersect,类型,0,50" #</Process><Process Name="删除相同项" ToolSource="d:\arcgis\pro\Resources\ArcToolbox\toolboxes\Data Management Tools.tbx\DeleteIdentical" Date="20250102" Time="154502">DeleteIdentical 2016非大棚样本 Shape # 0</Process><Process ToolSource="d:\arcgis\pro\Resources\ArcToolbox\toolboxes\Data Management Tools.tbx\UpdateSchema" Date="20250113" Time="094028">UpdateSchema "CIMDATA=&lt;CIMStandardDataConnection xsi:type='typens:CIMStandardDataConnection' xmlns:xsi='http://www.w3.org/2001/XMLSchema-instance' xmlns:xs='http://www.w3.org/2001/XMLSchema' xmlns:typens='http://www.esri.com/schemas/ArcGIS/3.0.0'&gt;&lt;WorkspaceConnectionString&gt;DATABASE=D:\GEE分析导出\相关论文\论文数据\样本点数据&lt;/WorkspaceConnectionString&gt;&lt;WorkspaceFactory&gt;Shapefile&lt;/WorkspaceFactory&gt;&lt;Dataset&gt;2016非大棚样本.shp&lt;/Dataset&gt;&lt;DatasetType&gt;esriDTFeatureClass&lt;/DatasetType&gt;&lt;/CIMStandardDataConnection&gt;" &lt;operationSequence&gt;&lt;workflow&gt;&lt;AddField&gt;&lt;field_name&gt;id&lt;/field_name&gt;&lt;field_type&gt;LONG&lt;/field_type&gt;&lt;field_is_nullable&gt;False&lt;/field_is_nullable&gt;&lt;field_is_required&gt;False&lt;/field_is_required&gt;&lt;/AddField&gt;&lt;/workflow&gt;&lt;/operationSequence&gt;</Process><Process ToolSource="d:\arcgis\pro\Resources\ArcToolbox\toolboxes\Data Management Tools.tbx\CalculateField" Date="20250113" Time="094105">CalculateField 2016非大棚样本 id SequentialNumber() "Python 3" "# 计算顺序编号
# 可访问 esriurl.com/CalculatorExamples 获取更多计算器示例
rec=0
def SequentialNumber():
    global rec
    pStart = 1
    pInterval = 1
    if (rec == 0):
        rec = pStart
    else:
        rec = rec + pInterval
    return rec" 文本 NO_ENFORCE_DOMAINS</Process><Process ToolSource="d:\arcgis\pro\Resources\ArcToolbox\toolboxes\Data Management Tools.tbx\DeleteField" Date="20250113" Time="094407">DeleteField 2016非大棚样本 id 删除字段</Process><Process ToolSource="d:\arcgis\pro\Resources\ArcToolbox\toolboxes\Data Management Tools.tbx\UpdateSchema" Date="20250113" Time="094442">UpdateSchema "CIMDATA=&lt;CIMStandardDataConnection xsi:type='typens:CIMStandardDataConnection' xmlns:xsi='http://www.w3.org/2001/XMLSchema-instance' xmlns:xs='http://www.w3.org/2001/XMLSchema' xmlns:typens='http://www.esri.com/schemas/ArcGIS/3.0.0'&gt;&lt;WorkspaceConnectionString&gt;DATABASE=D:\GEE分析导出\相关论文\论文数据\样本点数据&lt;/WorkspaceConnectionString&gt;&lt;WorkspaceFactory&gt;Shapefile&lt;/WorkspaceFactory&gt;&lt;Dataset&gt;2016非大棚样本.shp&lt;/Dataset&gt;&lt;DatasetType&gt;esriDTFeatureClass&lt;/DatasetType&gt;&lt;/CIMStandardDataConnection&gt;" &lt;operationSequence&gt;&lt;workflow&gt;&lt;AddField&gt;&lt;field_name&gt;type&lt;/field_name&gt;&lt;field_type&gt;LONG&lt;/field_type&gt;&lt;field_is_nullable&gt;False&lt;/field_is_nullable&gt;&lt;field_is_required&gt;False&lt;/field_is_required&gt;&lt;/AddField&gt;&lt;/workflow&gt;&lt;/operationSequence&gt;</Process><Process ToolSource="d:\arcgis\pro\Resources\ArcToolbox\toolboxes\Data Management Tools.tbx\CalculateField" Date="20250113" Time="094519">CalculateField 2016非大棚样本 type 2016 "Python 3" # 文本 NO_ENFORCE_DOMAINS</Process><Process ToolSource="d:\arcgis\pro\Resources\ArcToolbox\toolboxes\Data Management Tools.tbx\CalculateField" Date="20250113" Time="094645">CalculateField 2016非大棚样本 type 20161 "Python 3" # 文本 NO_ENFORCE_DOMAINS</Process><Process ToolSource="d:\arcgis\pro\Resources\ArcToolbox\toolboxes\Conversion Tools.tbx\ExportFeatures" Date="20250113" Time="162430">ExportFeatures 2016非大棚样本 D:\GEE分析导出\相关论文\论文数据\样本点数据\v2\2016f.shp # NOT_USE_ALIAS "省代码 "省代码" true true false 10 Long 0 10,First,#,2016非大棚样本,省代码,-1,-1;省 "省" true true false 50 Text 0 0,First,#,2016非大棚样本,省,0,50;类型 "类型" true true false 50 Text 0 0,First,#,2016非大棚样本,类型,0,50;type "type" true true false 10 Long 0 10,First,#,2016非大棚样本,type,-1,-1" #</Process></lineage><itemProps><itemName Sync="TRUE">2016f</itemName><imsContentType Sync="TRUE">002</imsContentType><itemSize Sync="TRUE">0.000</itemSize><itemLocation><linkage Sync="TRUE">file://\\GISC05\D$\GEE分析导出\相关论文\论文数据\样本点数据\v2\2016f.shp</linkage><protocol Sync="TRUE">Local Area Network</protocol></itemLocation></itemProps><coordRef><type Sync="TRUE">Geographic</type><geogcsn Sync="TRUE">GCS_WGS_1984</geogcsn><csUnits Sync="TRUE">Angular Unit: Degree (0.017453)</csUnits><peXml Sync="TRUE">&lt;GeographicCoordinateSystem xsi:type='typens:GeographicCoordinateSystem' xmlns:xsi='http://www.w3.org/2001/XMLSchema-instance' xmlns:xs='http://www.w3.org/2001/XMLSchema' xmlns:typens='http://www.esri.com/schemas/ArcGIS/3.0.0'&gt;&lt;WKT&gt;GEOGCS[&amp;quot;GCS_WGS_1984&amp;quot;,DATUM[&amp;quot;D_WGS_1984&amp;quot;,SPHEROID[&amp;quot;WGS_1984&amp;quot;,6378137.0,298.257223563]],PRIMEM[&amp;quot;Greenwich&amp;quot;,0.0],UNIT[&amp;quot;Degree&amp;quot;,0.0174532925199433],AUTHORITY[&amp;quot;EPSG&amp;quot;,4326]]&lt;/WKT&gt;&lt;XOrigin&gt;-399.99999999999989&lt;/XOrigin&gt;&lt;YOrigin&gt;-399.99999999999989&lt;/YOrigin&gt;&lt;XYScale&gt;11258999068426.24&lt;/XYScale&gt;&lt;ZOrigin&gt;-100000&lt;/ZOrigin&gt;&lt;ZScale&gt;10000&lt;/ZScale&gt;&lt;MOrigin&gt;-100000&lt;/MOrigin&gt;&lt;MScale&gt;10000&lt;/MScale&gt;&lt;XYTolerance&gt;8.9831528411952133e-09&lt;/XYTolerance&gt;&lt;ZTolerance&gt;0.001&lt;/ZTolerance&gt;&lt;MTolerance&gt;0.001&lt;/MTolerance&gt;&lt;HighPrecision&gt;true&lt;/HighPrecision&gt;&lt;LeftLongitude&gt;-180&lt;/LeftLongitude&gt;&lt;WKID&gt;4326&lt;/WKID&gt;&lt;LatestWKID&gt;4326&lt;/LatestWKID&gt;&lt;/GeographicCoordinateSystem&gt;</peXml></coordRef></DataProperties><SyncDate>20250113</SyncDate><SyncTime>16240800</SyncTime><ModDate>20250113</ModDate><ModTime>16240800</ModTime></Esri><dataIdInfo><envirDesc Sync="TRUE">Microsoft Windows 10 Version 10.0 (Build 22631) ; Esri ArcGIS 13.0.0.36056</envirDesc><dataLang><languageCode value="zho" Sync="TRUE"></languageCode><countryCode value="CHN" Sync="TRUE"></countryCode></dataLang><idCitation><resTitle Sync="TRUE">2016f</resTitle><presForm><PresFormCd value="005" Sync="TRUE"></PresFormCd></presForm></idCitation><spatRpType><SpatRepTypCd value="001" Sync="TRUE"></SpatRepTypCd></spatRpType></dataIdInfo><mdLang><languageCode value="zho" Sync="TRUE"></languageCode><countryCode value="CHN" Sync="TRUE"></countryCode></mdLang><distInfo><distFormat><formatName Sync="TRUE">Shapefile</formatName></distFormat><distTranOps><transSize Sync="TRUE">0.000</transSize></distTranOps></distInfo><mdHrLv><ScopeCd value="005" Sync="TRUE"></ScopeCd></mdHrLv><mdHrLvName Sync="TRUE">dataset</mdHrLvName><refSysInfo><RefSystem><refSysID><identCode code="4326" Sync="TRUE"></identCode><idCodeSpace Sync="TRUE">EPSG</idCodeSpace><idVersion Sync="TRUE">6.2(3.0.1)</idVersion></refSysID></RefSystem></refSysInfo><spatRepInfo><VectSpatRep><geometObjs Name="2016f"><geoObjTyp><GeoObjTypCd value="004" Sync="TRUE"></GeoObjTypCd></geoObjTyp><geoObjCnt Sync="TRUE">0</geoObjCnt></geometObjs><topLvl><TopoLevCd value="001" Sync="TRUE"></TopoLevCd></topLvl></VectSpatRep></spatRepInfo><spdoinfo><ptvctinf><esriterm Name="2016f"><efeatyp Sync="TRUE">Simple</efeatyp><efeageom code="1" Sync="TRUE"></efeageom><esritopo Sync="TRUE">FALSE</esritopo><efeacnt Sync="TRUE">0</efeacnt><spindex Sync="TRUE">FALSE</spindex><linrefer Sync="TRUE">TRUE</linrefer></esriterm></ptvctinf></spdoinfo><eainfo><detailed Name="2016f"><enttyp><enttypl Sync="TRUE">2016f</enttypl><enttypt Sync="TRUE">Feature Class</enttypt><enttypc Sync="TRUE">0</enttypc></enttyp><attr><attrlabl Sync="TRUE">FID</attrlabl><attalias Sync="TRUE">FID</attalias><attrtype Sync="TRUE">OID</attrtype><attwidth Sync="TRUE">4</attwidth><atprecis Sync="TRUE">0</atprecis><attscale Sync="TRUE">0</attscale><attrdef Sync="TRUE">Internal feature number.</attrdef><attrdefs Sync="TRUE">Esri</attrdefs><attrdomv><udom Sync="TRUE">Sequential unique whole numbers that are automatically generated.</udom></attrdomv></attr><attr><attrlabl Sync="TRUE">Shape</attrlabl><attalias Sync="TRUE">Shape</attalias><attrtype Sync="TRUE">Geometry</attrtype><attwidth Sync="TRUE">0</attwidth><atprecis Sync="TRUE">0</atprecis><attscale Sync="TRUE">0</attscale><attrdef Sync="TRUE">Feature geometry.</attrdef><attrdefs Sync="TRUE">Esri</attrdefs><attrdomv><udom Sync="TRUE">Coordinates defining the features.</udom></attrdomv></attr><attr><attrlabl Sync="TRUE">省代码</attrlabl><attalias Sync="TRUE">省代码</attalias><attrtype Sync="TRUE">Integer</attrtype><attwidth Sync="TRUE">10</attwidth><atprecis Sync="TRUE">10</atprecis><attscale Sync="TRUE">0</attscale></attr><attr><attrlabl Sync="TRUE">省</attrlabl><attalias Sync="TRUE">省</attalias><attrtype Sync="TRUE">String</attrtype><attwidth Sync="TRUE">50</attwidth><atprecis Sync="TRUE">0</atprecis><attscale Sync="TRUE">0</attscale></attr><attr><attrlabl Sync="TRUE">类型</attrlabl><attalias Sync="TRUE">类型</attalias><attrtype Sync="TRUE">String</attrtype><attwidth Sync="TRUE">50</attwidth><atprecis Sync="TRUE">0</atprecis><attscale Sync="TRUE">0</attscale></attr><attr><attrlabl Sync="TRUE">type</attrlabl><attalias Sync="TRUE">type</attalias><attrtype Sync="TRUE">Integer</attrtype><attwidth Sync="TRUE">10</attwidth><atprecis Sync="TRUE">10</atprecis><attscale Sync="TRUE">0</attscale></attr></detailed></eainfo><mdDateSt Sync="TRUE">20250113</mdDateSt></metadata>
