<metadata xml:lang="zh"><Esri><CreaDate>20240306</CreaDate><CreaTime>16090700</CreaTime><ArcGISFormat>1.0</ArcGISFormat><SyncOnce>FALSE</SyncOnce><DataProperties><lineage><Process ToolSource="d:\program files (x86)\arcgis\desktop10.2\ArcToolbox\Toolboxes\Data Management Tools.tbx\CalculateField" Date="20240306" Time="160907">CalculateField anhui2022V1 value 10 VB #</Process><Process ToolSource="d:\arcgis\pro\Resources\ArcToolbox\toolboxes\Data Management Tools.tbx\Merge" Date="20240606" Time="150553">Merge anhui2022V1;beijing2022;fujian2022v3;gansu2022v1x;gansu2022v1z;guangdong2022v3;guangxi2022v2;guizhou2022v3;hainan2022v1;hebei2022v2;heilongjiang2022v4;henan2022;hubei2022v1;hunan2022V2;jiangsu20221;jiangxi2022v3;jining2022v3;liaoning2022;neimenggu2022y;neimenggu2022z;ningxia2022v1;qinghai2022v1;shaanxi2022v23;shandong2022;shanghai2022;shanxi2022v1;sichuan2022sv1;sichuan2022xv1;taiwan2022v1;tianjin2022;xinjiang20221v1;xinjiang20222v1;xinjiang20223v1;xinjiang20224v1;xinjiang20225v1;yunnan2022;zejiang2022v1 D:\ArcGIS\Projects\底图\底图.gdb\anhui2022V1_Merge1 "value "value" true true false 9 Long 0 9,First,#,anhui2022V1,value,-1,-1,beijing2022,value,-1,-1,fujian2022v3,value,-1,-1,gansu2022v1x,value,-1,-1,gansu2022v1z,value,-1,-1,guangdong2022v3,value,-1,-1,guangxi2022v2,value,-1,-1,guizhou2022v3,value,-1,-1,hainan2022v1,value,-1,-1,hebei2022v2,value,-1,-1,heilongjiang2022v4,value,-1,-1,henan2022,value,-1,-1,hubei2022v1,value,-1,-1,hunan2022V2,value,-1,-1,jiangsu20221,value,-1,-1,jiangxi2022v3,value,-1,-1,jining2022v3,value,-1,-1,liaoning2022,value,-1,-1,neimenggu2022y,value,-1,-1,neimenggu2022z,value,-1,-1,ningxia2022v1,value,-1,-1,qinghai2022v1,value,-1,-1,shaanxi2022v23,value,-1,-1,shandong2022,value,-1,-1,shanghai2022,value,-1,-1,shanxi2022v1,value,-1,-1,sichuan2022sv1,value,-1,-1,sichuan2022xv1,value,-1,-1,taiwan2022v1,value,-1,-1,tianjin2022,value,-1,-1,xinjiang20221v1,value,-1,-1,xinjiang20222v1,value,-1,-1,xinjiang20223v1,value,-1,-1,xinjiang20224v1,value,-1,-1,xinjiang20225v1,value,-1,-1,yunnan2022,value,-1,-1,zejiang2022v1,value,-1,-1;FID_gansu2 "FID_gansu2" true true false 10 Long 0 10,First,#,gansu2022v1x,FID_gansu2,-1,-1,gansu2022v1z,FID_gansu2,-1,-1;FID_gansux "FID_gansux" true true false 10 Long 0 10,First,#,gansu2022v1x,FID_gansux,-1,-1;pr_adcode "pr_adcode" true true false 80 Text 0 0,First,#,gansu2022v1x,pr_adcode,0,80,gansu2022v1z,pr_adcode,0,80,neimenggu2022y,pr_adcode,0,80,tianjin2022,pr_adcode,0,80,xinjiang20221v1,pr_adcode,0,80,xinjiang20222v1,pr_adcode,0,80,xinjiang20223v1,pr_adcode,0,80,xinjiang20224v1,pr_adcode,0,80,xinjiang20225v1,pr_adcode,0,80;pr_name "pr_name" true true false 80 Text 0 0,First,#,gansu2022v1x,pr_name,0,80,gansu2022v1z,pr_name,0,80,neimenggu2022y,pr_name,0,80,tianjin2022,pr_name,0,80,xinjiang20221v1,pr_name,0,80,xinjiang20222v1,pr_name,0,80,xinjiang20223v1,pr_name,0,80,xinjiang20224v1,pr_name,0,80,xinjiang20225v1,pr_name,0,80;cn_adcode "cn_adcode" true true false 80 Text 0 0,First,#,gansu2022v1x,cn_adcode,0,80,gansu2022v1z,cn_adcode,0,80,neimenggu2022y,cn_adcode,0,80,tianjin2022,cn_adcode,0,80,xinjiang20221v1,cn_adcode,0,80,xinjiang20222v1,cn_adcode,0,80,xinjiang20223v1,cn_adcode,0,80,xinjiang20224v1,cn_adcode,0,80,xinjiang20225v1,cn_adcode,0,80;cn_name "cn_name" true true false 80 Text 0 0,First,#,gansu2022v1x,cn_name,0,80,gansu2022v1z,cn_name,0,80,neimenggu2022y,cn_name,0,80,sichuan2022sv1,cn_name,0,80,tianjin2022,cn_name,0,80,xinjiang20221v1,cn_name,0,80,xinjiang20222v1,cn_name,0,80,xinjiang20223v1,cn_name,0,80,xinjiang20224v1,cn_name,0,80,xinjiang20225v1,cn_name,0,80;FID_gansuz "FID_gansuz" true true false 10 Long 0 10,First,#,gansu2022v1z,FID_gansuz,-1,-1;RASTERVALU "RASTERVALU" true true false 5 Long 0 5,First,#,guangxi2022v2,RASTERVALU,-1,-1,jiangxi2022v3,RASTERVALU,-1,-1,ningxia2022v1,RASTERVALU,-1,-1,shaanxi2022v23,RASTERVALU,-1,-1;Name "Name" true true false 254 Text 0 0,First,#,heilongjiang2022v4,Name,0,254,hunan2022V2,Name,0,254,jining2022v3,Name,0,254,liaoning2022,Name,0,254,shanxi2022v1,Name,0,254,sichuan2022xv1,Name,0,254;descriptio "descriptio" true true false 254 Text 0 0,First,#,jining2022v3,descriptio,0,254;timestamp "timestamp" true true false 24 Text 0 0,First,#,jining2022v3,timestamp,0,24;begin "begin" true true false 24 Text 0 0,First,#,jining2022v3,begin,0,24;end "end" true true false 24 Text 0 0,First,#,jining2022v3,end,0,24;altitudeMo "altitudeMo" true true false 254 Text 0 0,First,#,jining2022v3,altitudeMo,0,254;tessellate "tessellate" true true false 10 Long 0 10,First,#,jining2022v3,tessellate,-1,-1;extrude "extrude" true true false 10 Long 0 10,First,#,jining2022v3,extrude,-1,-1;visibility "visibility" true true false 10 Long 0 10,First,#,jining2022v3,visibility,-1,-1;drawOrder "drawOrder" true true false 10 Long 0 10,First,#,jining2022v3,drawOrder,-1,-1;icon "icon" true true false 254 Text 0 0,First,#,jining2022v3,icon,0,254,shaanxi2022v23,icon,0,254;FID_neimen "FID_neimen" true true false 10 Long 0 10,First,#,neimenggu2022y,FID_neimen,-1,-1;FID_neim_1 "FID_neim_1" true true false 10 Long 0 10,First,#,neimenggu2022y,FID_neim_1,-1,-1;type "type" true true false 4 Short 0 4,First,#,shandong2022,type,-1,-1;OBJECTID "OBJECTID" true true false 9 Long 0 9,First,#,shanxi2022v1,OBJECTID,-1,-1;Shape_Leng "Shape_Leng" true true false 19 Double 0 0,First,#,sichuan2022sv1,Shape_Leng,-1,-1,sichuan2022xv1,Shape_Leng,-1,-1;Shape_Area "Shape_Area" true true false 19 Double 0 0,First,#,sichuan2022sv1,Shape_Area,-1,-1,sichuan2022xv1,Shape_Area,-1,-1;FID_sichua "FID_sichua" true true false 10 Long 0 10,First,#,sichuan2022xv1,FID_sichua,-1,-1;FID_tianji "FID_tianji" true true false 10 Long 0 10,First,#,tianjin2022,FID_tianji,-1,-1;FID_provin "FID_provin" true true false 10 Long 0 10,First,#,tianjin2022,FID_provin,-1,-1;FID_xinjia "FID_xinjia" true true false 10 Long 0 10,First,#,xinjiang20221v1,FID_xinjia,-1,-1,xinjiang20222v1,FID_xinjia,-1,-1,xinjiang20223v1,FID_xinjia,-1,-1,xinjiang20224v1,FID_xinjia,-1,-1,xinjiang20225v1,FID_xinjia,-1,-1;FID_xinj_1 "FID_xinj_1" true true false 10 Long 0 10,First,#,xinjiang20221v1,FID_xinj_1,-1,-1,xinjiang20222v1,FID_xinj_1,-1,-1,xinjiang20223v1,FID_xinj_1,-1,-1,xinjiang20224v1,FID_xinj_1,-1,-1,xinjiang20225v1,FID_xinj_1,-1,-1" NO_SOURCE_INFO</Process><Process ToolSource="d:\arcgis\pro\Resources\ArcToolbox\toolboxes\Analysis Tools.tbx\SpatialJoin" Date="20240606" Time="150644">SpatialJoin anhui2022V1_Merge1 province D:\ArcGIS\Projects\底图\底图.gdb\anhui2022V1_Merg_SpatialJoin1 一对一连接 KEEP_ALL "value "value" true true false 4 Long 0 0,First,#,anhui2022V1_Merge1,value,-1,-1;FID_gansu2 "FID_gansu2" true true false 4 Long 0 0,First,#,anhui2022V1_Merge1,FID_gansu2,-1,-1;FID_gansux "FID_gansux" true true false 4 Long 0 0,First,#,anhui2022V1_Merge1,FID_gansux,-1,-1;pr_adcode "pr_adcode" true true false 80 Text 0 0,First,#,anhui2022V1_Merge1,pr_adcode,0,80;pr_name "pr_name" true true false 80 Text 0 0,First,#,anhui2022V1_Merge1,pr_name,0,80;cn_adcode "cn_adcode" true true false 80 Text 0 0,First,#,anhui2022V1_Merge1,cn_adcode,0,80;cn_name "cn_name" true true false 80 Text 0 0,First,#,anhui2022V1_Merge1,cn_name,0,80;FID_gansuz "FID_gansuz" true true false 4 Long 0 0,First,#,anhui2022V1_Merge1,FID_gansuz,-1,-1;RASTERVALU "RASTERVALU" true true false 4 Long 0 0,First,#,anhui2022V1_Merge1,RASTERVALU,-1,-1;Name "Name" true true false 254 Text 0 0,First,#,anhui2022V1_Merge1,Name,0,254;descriptio "descriptio" true true false 254 Text 0 0,First,#,anhui2022V1_Merge1,descriptio,0,254;timestamp "timestamp" true true false 24 Text 0 0,First,#,anhui2022V1_Merge1,timestamp,0,24;begin "begin" true true false 24 Text 0 0,First,#,anhui2022V1_Merge1,begin,0,24;end "end" true true false 24 Text 0 0,First,#,anhui2022V1_Merge1,end,0,24;altitudeMo "altitudeMo" true true false 254 Text 0 0,First,#,anhui2022V1_Merge1,altitudeMo,0,254;tessellate "tessellate" true true false 4 Long 0 0,First,#,anhui2022V1_Merge1,tessellate,-1,-1;extrude "extrude" true true false 4 Long 0 0,First,#,anhui2022V1_Merge1,extrude,-1,-1;visibility "visibility" true true false 4 Long 0 0,First,#,anhui2022V1_Merge1,visibility,-1,-1;drawOrder "drawOrder" true true false 4 Long 0 0,First,#,anhui2022V1_Merge1,drawOrder,-1,-1;icon "icon" true true false 254 Text 0 0,First,#,anhui2022V1_Merge1,icon,0,254;FID_neimen "FID_neimen" true true false 4 Long 0 0,First,#,anhui2022V1_Merge1,FID_neimen,-1,-1;FID_neim_1 "FID_neim_1" true true false 4 Long 0 0,First,#,anhui2022V1_Merge1,FID_neim_1,-1,-1;type "type" true true false 2 Short 0 0,First,#,anhui2022V1_Merge1,type,-1,-1;OBJECTID "OBJECTID" true true false 4 Long 0 0,First,#,anhui2022V1_Merge1,OBJECTID,-1,-1;Shape_Leng "Shape_Leng" true true false 8 Double 0 0,First,#,anhui2022V1_Merge1,Shape_Leng,-1,-1;FID_sichua "FID_sichua" true true false 4 Long 0 0,First,#,anhui2022V1_Merge1,FID_sichua,-1,-1;FID_tianji "FID_tianji" true true false 4 Long 0 0,First,#,anhui2022V1_Merge1,FID_tianji,-1,-1;FID_provin "FID_provin" true true false 4 Long 0 0,First,#,anhui2022V1_Merge1,FID_provin,-1,-1;FID_xinjia "FID_xinjia" true true false 4 Long 0 0,First,#,anhui2022V1_Merge1,FID_xinjia,-1,-1;FID_xinj_1 "FID_xinj_1" true true false 4 Long 0 0,First,#,anhui2022V1_Merge1,FID_xinj_1,-1,-1;pr_adcode_1 "pr_adcode" true true false 80 Text 0 0,First,#,province,pr_adcode,0,80;pr_name_1 "pr_name" true true false 80 Text 0 0,First,#,province,pr_name,0,80;cn_adcode_1 "cn_adcode" true true false 80 Text 0 0,First,#,province,cn_adcode,0,80;cn_name_1 "cn_name" true true false 80 Text 0 0,First,#,province,cn_name,0,80" 相交 # #</Process><Process ToolSource="d:\arcgis\pro\Resources\ArcToolbox\toolboxes\Data Management Tools.tbx\DeleteField" Date="20240606" Time="150809">DeleteField anhui2022V1_Merg_SpatialJoin1 FID_gansu2;FID_gansux;pr_adcode;pr_name;cn_adcode;cn_name;FID_gansuz;RASTERVALU;Name;descriptio;timestamp;begin;end;altitudeMo;tessellate;extrude;visibility;drawOrder;icon;FID_neimen;FID_neim_1;type;OBJECTID;Shape_Leng;FID_sichua;FID_tianji;FID_provin;FID_xinjia;FID_xinj_1 删除字段</Process><Process ToolSource="d:\arcgis\pro\Resources\ArcToolbox\toolboxes\Conversion Tools.tbx\ExportFeatures" Date="20240606" Time="151025">ExportFeatures D:\ArcGIS\Projects\底图\底图.gdb\anhui2022V1_Merg_SpatialJoin1 D:\GEE分析导出\2022年全国塑料大棚分析\计算文档\样本点\dp.shp # NOT_USE_ALIAS "Join_Count "Join_Count" true true false 4 Long 0 0,First,#,D:\ArcGIS\Projects\底图\底图.gdb\anhui2022V1_Merg_SpatialJoin1,Join_Count,-1,-1;TARGET_FID "TARGET_FID" true true false 4 Long 0 0,First,#,D:\ArcGIS\Projects\底图\底图.gdb\anhui2022V1_Merg_SpatialJoin1,TARGET_FID,-1,-1;value "value" true true false 4 Long 0 0,First,#,D:\ArcGIS\Projects\底图\底图.gdb\anhui2022V1_Merg_SpatialJoin1,value,-1,-1;pr_adcode_1 "pr_adcode" true true false 80 Text 0 0,First,#,D:\ArcGIS\Projects\底图\底图.gdb\anhui2022V1_Merg_SpatialJoin1,pr_adcode_1,0,80;pr_name_1 "pr_name" true true false 80 Text 0 0,First,#,D:\ArcGIS\Projects\底图\底图.gdb\anhui2022V1_Merg_SpatialJoin1,pr_name_1,0,80;cn_adcode_1 "cn_adcode" true true false 80 Text 0 0,First,#,D:\ArcGIS\Projects\底图\底图.gdb\anhui2022V1_Merg_SpatialJoin1,cn_adcode_1,0,80;cn_name_1 "cn_name" true true false 80 Text 0 0,First,#,D:\ArcGIS\Projects\底图\底图.gdb\anhui2022V1_Merg_SpatialJoin1,cn_name_1,0,80" #</Process><Process ToolSource="d:\arcgis\pro\Resources\ArcToolbox\toolboxes\Data Management Tools.tbx\DeleteIdentical" Date="20240606" Time="155128">DeleteIdentical dp Shape "1 Meters" 0</Process><Process ToolSource="d:\arcgis\pro\Resources\ArcToolbox\toolboxes\Analysis Tools.tbx\Select" Date="20240717" Time="084048">Select dp D:\GEE分析导出\2000年全国农业大棚\2022\安徽省.shp " "pr_name_1" = '安徽省' "</Process><Process ToolSource="d:\arcgis\pro\Resources\ArcToolbox\toolboxes\Data Management Tools.tbx\Merge" Date="20250102" Time="143532">Merge 安徽省;北京市;福建省;甘肃省;广东省;广西壮族自治区;贵州省;海南省;河北省;河南省;黑龙江省;湖北省;湖南省;吉林省;江苏省;江西省;辽宁省;内蒙古自治区;宁夏回族自治区;青海省;山东省;山西省;陕西省;上海市;四川省;台湾省;天津市;新疆维吾尔自治区;云南省;浙江省 C:\Users\71016\Documents\ArcGIS\Projects\MyProject18\MyProject18.gdb\安徽省_Merge "Join_Count "Join_Count" true true false 10 Long 0 10,First,#,安徽省,Join_Count,-1,-1,北京市,Join_Count,-1,-1,福建省,Join_Count,-1,-1,甘肃省,Join_Count,-1,-1,广东省,Join_Count,-1,-1,广西壮族自治区,Join_Count,-1,-1,贵州省,Join_Count,-1,-1,海南省,Join_Count,-1,-1,河北省,Join_Count,-1,-1,河南省,Join_Count,-1,-1,黑龙江省,Join_Count,-1,-1,湖北省,Join_Count,-1,-1,湖南省,Join_Count,-1,-1,吉林省,Join_Count,-1,-1,江苏省,Join_Count,-1,-1,江西省,Join_Count,-1,-1,辽宁省,Join_Count,-1,-1,内蒙古自治区,Join_Count,-1,-1,宁夏回族自治区,Join_Count,-1,-1,青海省,Join_Count,-1,-1,山东省,Join_Count,-1,-1,山西省,Join_Count,-1,-1,陕西省,Join_Count,-1,-1,上海市,Join_Count,-1,-1,四川省,Join_Count,-1,-1,台湾省,Join_Count,-1,-1,天津市,Join_Count,-1,-1,新疆维吾尔自治区,Join_Count,-1,-1,云南省,Join_Count,-1,-1,浙江省,Join_Count,-1,-1;TARGET_FID "TARGET_FID" true true false 10 Long 0 10,First,#,安徽省,TARGET_FID,-1,-1,北京市,TARGET_FID,-1,-1,福建省,TARGET_FID,-1,-1,甘肃省,TARGET_FID,-1,-1,广东省,TARGET_FID,-1,-1,广西壮族自治区,TARGET_FID,-1,-1,贵州省,TARGET_FID,-1,-1,海南省,TARGET_FID,-1,-1,河北省,TARGET_FID,-1,-1,河南省,TARGET_FID,-1,-1,黑龙江省,TARGET_FID,-1,-1,湖北省,TARGET_FID,-1,-1,湖南省,TARGET_FID,-1,-1,吉林省,TARGET_FID,-1,-1,江苏省,TARGET_FID,-1,-1,江西省,TARGET_FID,-1,-1,辽宁省,TARGET_FID,-1,-1,内蒙古自治区,TARGET_FID,-1,-1,宁夏回族自治区,TARGET_FID,-1,-1,青海省,TARGET_FID,-1,-1,山东省,TARGET_FID,-1,-1,山西省,TARGET_FID,-1,-1,陕西省,TARGET_FID,-1,-1,上海市,TARGET_FID,-1,-1,四川省,TARGET_FID,-1,-1,台湾省,TARGET_FID,-1,-1,天津市,TARGET_FID,-1,-1,新疆维吾尔自治区,TARGET_FID,-1,-1,云南省,TARGET_FID,-1,-1,浙江省,TARGET_FID,-1,-1;value "value" true true false 10 Long 0 10,First,#,安徽省,value,-1,-1,北京市,value,-1,-1,福建省,value,-1,-1,甘肃省,value,-1,-1,广东省,value,-1,-1,广西壮族自治区,value,-1,-1,贵州省,value,-1,-1,海南省,value,-1,-1,河北省,value,-1,-1,河南省,value,-1,-1,黑龙江省,value,-1,-1,湖北省,value,-1,-1,湖南省,value,-1,-1,吉林省,value,-1,-1,江苏省,value,-1,-1,江西省,value,-1,-1,辽宁省,value,-1,-1,内蒙古自治区,value,-1,-1,宁夏回族自治区,value,-1,-1,青海省,value,-1,-1,山东省,value,-1,-1,山西省,value,-1,-1,陕西省,value,-1,-1,上海市,value,-1,-1,四川省,value,-1,-1,台湾省,value,-1,-1,天津市,value,-1,-1,新疆维吾尔自治区,value,-1,-1,云南省,value,-1,-1,浙江省,value,-1,-1;pr_adcode_ "pr_adcode_" true true false 80 Text 0 0,First,#,安徽省,pr_adcode_,0,80,北京市,pr_adcode_,0,80,福建省,pr_adcode_,0,80,甘肃省,pr_adcode_,0,80,广东省,pr_adcode_,0,80,广西壮族自治区,pr_adcode_,0,80,贵州省,pr_adcode_,0,80,海南省,pr_adcode_,0,80,河北省,pr_adcode_,0,80,河南省,pr_adcode_,0,80,黑龙江省,pr_adcode_,0,80,湖北省,pr_adcode_,0,80,湖南省,pr_adcode_,0,80,吉林省,pr_adcode_,0,80,江苏省,pr_adcode_,0,80,江西省,pr_adcode_,0,80,辽宁省,pr_adcode_,0,80,内蒙古自治区,pr_adcode_,0,80,宁夏回族自治区,pr_adcode_,0,80,青海省,pr_adcode_,0,80,山东省,pr_adcode_,0,80,山西省,pr_adcode_,0,80,陕西省,pr_adcode_,0,80,上海市,pr_adcode_,0,80,四川省,pr_adcode_,0,80,台湾省,pr_adcode_,0,80,天津市,pr_adcode_,0,80,新疆维吾尔自治区,pr_adcode_,0,80,云南省,pr_adcode_,0,80,浙江省,pr_adcode_,0,80;pr_name_1 "pr_name_1" true true false 80 Text 0 0,First,#,安徽省,pr_name_1,0,80,北京市,pr_name_1,0,80,福建省,pr_name_1,0,80,甘肃省,pr_name_1,0,80,广东省,pr_name_1,0,80,广西壮族自治区,pr_name_1,0,80,贵州省,pr_name_1,0,80,海南省,pr_name_1,0,80,河北省,pr_name_1,0,80,河南省,pr_name_1,0,80,黑龙江省,pr_name_1,0,80,湖北省,pr_name_1,0,80,湖南省,pr_name_1,0,80,吉林省,pr_name_1,0,80,江苏省,pr_name_1,0,80,江西省,pr_name_1,0,80,辽宁省,pr_name_1,0,80,内蒙古自治区,pr_name_1,0,80,宁夏回族自治区,pr_name_1,0,80,青海省,pr_name_1,0,80,山东省,pr_name_1,0,80,山西省,pr_name_1,0,80,陕西省,pr_name_1,0,80,上海市,pr_name_1,0,80,四川省,pr_name_1,0,80,台湾省,pr_name_1,0,80,天津市,pr_name_1,0,80,新疆维吾尔自治区,pr_name_1,0,80,云南省,pr_name_1,0,80,浙江省,pr_name_1,0,80;cn_adcode_ "cn_adcode_" true true false 80 Text 0 0,First,#,安徽省,cn_adcode_,0,80,北京市,cn_adcode_,0,80,福建省,cn_adcode_,0,80,甘肃省,cn_adcode_,0,80,广东省,cn_adcode_,0,80,广西壮族自治区,cn_adcode_,0,80,贵州省,cn_adcode_,0,80,海南省,cn_adcode_,0,80,河北省,cn_adcode_,0,80,河南省,cn_adcode_,0,80,黑龙江省,cn_adcode_,0,80,湖北省,cn_adcode_,0,80,湖南省,cn_adcode_,0,80,吉林省,cn_adcode_,0,80,江苏省,cn_adcode_,0,80,江西省,cn_adcode_,0,80,辽宁省,cn_adcode_,0,80,内蒙古自治区,cn_adcode_,0,80,宁夏回族自治区,cn_adcode_,0,80,青海省,cn_adcode_,0,80,山东省,cn_adcode_,0,80,山西省,cn_adcode_,0,80,陕西省,cn_adcode_,0,80,上海市,cn_adcode_,0,80,四川省,cn_adcode_,0,80,台湾省,cn_adcode_,0,80,天津市,cn_adcode_,0,80,新疆维吾尔自治区,cn_adcode_,0,80,云南省,cn_adcode_,0,80,浙江省,cn_adcode_,0,80;cn_name_1 "cn_name_1" true true false 80 Text 0 0,First,#,安徽省,cn_name_1,0,80,北京市,cn_name_1,0,80,福建省,cn_name_1,0,80,甘肃省,cn_name_1,0,80,广东省,cn_name_1,0,80,广西壮族自治区,cn_name_1,0,80,贵州省,cn_name_1,0,80,海南省,cn_name_1,0,80,河北省,cn_name_1,0,80,河南省,cn_name_1,0,80,黑龙江省,cn_name_1,0,80,湖北省,cn_name_1,0,80,湖南省,cn_name_1,0,80,吉林省,cn_name_1,0,80,江苏省,cn_name_1,0,80,江西省,cn_name_1,0,80,辽宁省,cn_name_1,0,80,内蒙古自治区,cn_name_1,0,80,宁夏回族自治区,cn_name_1,0,80,青海省,cn_name_1,0,80,山东省,cn_name_1,0,80,山西省,cn_name_1,0,80,陕西省,cn_name_1,0,80,上海市,cn_name_1,0,80,四川省,cn_name_1,0,80,台湾省,cn_name_1,0,80,天津市,cn_name_1,0,80,新疆维吾尔自治区,cn_name_1,0,80,云南省,cn_name_1,0,80,浙江省,cn_name_1,0,80" NO_SOURCE_INFO</Process><Process ToolSource="d:\arcgis\pro\Resources\ArcToolbox\toolboxes\Data Management Tools.tbx\DeleteField" Date="20250102" Time="143549">DeleteField 安徽省_Merge Join_Count;TARGET_FID;value;pr_adcode_;pr_name_1;cn_adcode_;cn_name_1 删除字段</Process><Process ToolSource="d:\arcgis\pro\Resources\ArcToolbox\toolboxes\Analysis Tools.tbx\Intersect" Date="20250102" Time="143654">Intersect "安徽省_Merge #;省界 #" C:\Users\71016\Documents\ArcGIS\Projects\MyProject18\MyProject18.gdb\安徽省_Merge_Intersect 所有属性 # 与输入相同</Process><Process ToolSource="d:\arcgis\pro\Resources\ArcToolbox\toolboxes\Conversion Tools.tbx\ExportFeatures" Date="20250102" Time="143742">ExportFeatures 安徽省_Merge_Intersect D:\GEE分析导出\相关论文\论文数据\样本点数据\2022大棚样本.shp # NOT_USE_ALIAS "FID_安徽省_Merge "FID_安徽省_Merge" true true false 4 Long 0 0,First,#,安徽省_Merge_Intersect,FID_安徽省_Merge,-1,-1;FID_省界 "FID_省界" true true false 4 Long 0 0,First,#,安徽省_Merge_Intersect,FID_省界,-1,-1;省代码 "省代码" true true false 4 Long 0 0,First,#,安徽省_Merge_Intersect,省代码,-1,-1;省 "省" true true false 50 Text 0 0,First,#,安徽省_Merge_Intersect,省,0,50;类型 "类型" true true false 50 Text 0 0,First,#,安徽省_Merge_Intersect,类型,0,50" #</Process><Process ToolSource="d:\arcgis\pro\Resources\ArcToolbox\toolboxes\Data Management Tools.tbx\DeleteField" Date="20250102" Time="150404">DeleteField 2022大棚样本 FID_安徽 删除字段</Process><Process ToolSource="d:\arcgis\pro\Resources\ArcToolbox\toolboxes\Data Management Tools.tbx\DeleteField" Date="20250102" Time="150409">DeleteField 2022大棚样本 FID_省界 删除字段</Process><Process Name="删除相同项" ToolSource="d:\arcgis\pro\Resources\ArcToolbox\toolboxes\Data Management Tools.tbx\DeleteIdentical" Date="20250102" Time="154503">DeleteIdentical 2022大棚样本 Shape # 0</Process><Process ToolSource="d:\arcgis\pro\Resources\ArcToolbox\toolboxes\Data Management Tools.tbx\UpdateSchema" Date="20250113" Time="094600">UpdateSchema "CIMDATA=&lt;CIMStandardDataConnection xsi:type='typens:CIMStandardDataConnection' xmlns:xsi='http://www.w3.org/2001/XMLSchema-instance' xmlns:xs='http://www.w3.org/2001/XMLSchema' xmlns:typens='http://www.esri.com/schemas/ArcGIS/3.0.0'&gt;&lt;WorkspaceConnectionString&gt;DATABASE=D:\GEE分析导出\相关论文\论文数据\样本点数据&lt;/WorkspaceConnectionString&gt;&lt;WorkspaceFactory&gt;Shapefile&lt;/WorkspaceFactory&gt;&lt;Dataset&gt;2022大棚样本.shp&lt;/Dataset&gt;&lt;DatasetType&gt;esriDTFeatureClass&lt;/DatasetType&gt;&lt;/CIMStandardDataConnection&gt;" &lt;operationSequence&gt;&lt;workflow&gt;&lt;AddField&gt;&lt;field_name&gt;type&lt;/field_name&gt;&lt;field_type&gt;LONG&lt;/field_type&gt;&lt;field_is_nullable&gt;False&lt;/field_is_nullable&gt;&lt;field_is_required&gt;False&lt;/field_is_required&gt;&lt;/AddField&gt;&lt;/workflow&gt;&lt;/operationSequence&gt;</Process><Process ToolSource="d:\arcgis\pro\Resources\ArcToolbox\toolboxes\Data Management Tools.tbx\CalculateField" Date="20250113" Time="094609">CalculateField 2022大棚样本 type 2022 "Python 3" # 文本 NO_ENFORCE_DOMAINS</Process><Process ToolSource="d:\arcgis\pro\Resources\ArcToolbox\toolboxes\Analysis Tools.tbx\SpatialJoin" Date="20250113" Time="155005">SpatialJoin 2022大棚样本 dp2022 C:\Users\71016\Documents\ArcGIS\Projects\MyProject21\MyProject21.gdb\c2022大棚样本_SpatialJoin 一对一连接 KEEP_ALL "省代码 "省代码" true true false 10 Long 0 10,First,#,2022大棚样本,省代码,-1,-1;省 "省" true true false 50 Text 0 0,First,#,2022大棚样本,省,0,50;类型 "类型" true true false 50 Text 0 0,First,#,2022大棚样本,类型,0,50;type "type" true true false 10 Long 0 10,First,#,2022大棚样本,type,-1,-1;省代_1 "省代码" true true false 10 Long 0 10,First,#,dp2022,省代码,-1,-1;省_1 "省" true true false 50 Text 0 0,First,#,dp2022,省,0,50;类型_1 "类型" true true false 50 Text 0 0,First,#,dp2022,类型,0,50;name "name" true true false 50 Text 0 0,First,#,dp2022,name,0,50;area "area" true true false 13 Float 0 0,First,#,dp2022,area,-1,-1;area_w "area_w" true true false 13 Float 0 0,First,#,dp2022,area_w,-1,-1;a2010 "a2010" true true false 13 Float 0 0,First,#,dp2022,a2010,-1,-1;a2016 "a2016" true true false 13 Float 0 0,First,#,dp2022,a2016,-1,-1;a2022 "a2022" true true false 13 Float 0 0,First,#,dp2022,a2022,-1,-1;b2010 "b2010" true true false 13 Float 0 0,First,#,dp2022,b2010,-1,-1;b2016 "b2016" true true false 13 Float 0 0,First,#,dp2022,b2016,-1,-1;b2022 "b2022" true true false 13 Float 0 0,First,#,dp2022,b2022,-1,-1;Shape_Leng "Shape_Leng" true true false 19 Double 0 0,First,#,dp2022,Shape_Leng,-1,-1;Shape_Area "Shape_Area" true true false 19 Double 0 0,First,#,dp2022,Shape_Area,-1,-1" 相交 # #</Process><Process ToolSource="d:\arcgis\pro\Resources\ArcToolbox\toolboxes\Data Management Tools.tbx\DeleteField" Date="20250113" Time="155552">DeleteField c2022大棚样本_SpatialJoin 省代_1;省_1;类型_1;name;area;area_w;a2010;a2016;a2022;b2010;b2016;b2022;Shape_Leng 删除字段</Process><Process ToolSource="d:\arcgis\pro\Resources\ArcToolbox\toolboxes\Data Management Tools.tbx\DeleteField" Date="20250113" Time="155559">DeleteField c2022大棚样本_SpatialJoin Join_Count;TARGET_FID 删除字段</Process><Process ToolSource="d:\arcgis\pro\Resources\ArcToolbox\toolboxes\Conversion Tools.tbx\ExportFeatures" Date="20250113" Time="155635">ExportFeatures c2022大棚样本_SpatialJoin D:\GEE分析导出\相关论文\论文数据\样本点数据\v2\2022.shp # NOT_USE_ALIAS "省代码 "省代码" true true false 4 Long 0 0,First,#,c2022大棚样本_SpatialJoin,省代码,-1,-1;省 "省" true true false 50 Text 0 0,First,#,c2022大棚样本_SpatialJoin,省,0,50;类型 "类型" true true false 50 Text 0 0,First,#,c2022大棚样本_SpatialJoin,类型,0,50;type "type" true true false 4 Long 0 0,First,#,c2022大棚样本_SpatialJoin,type,-1,-1" #</Process></lineage><itemProps><itemName Sync="TRUE">2022</itemName><imsContentType Sync="TRUE">002</imsContentType><itemLocation><linkage Sync="TRUE">file://\\GISC05\D$\GEE分析导出\相关论文\论文数据\样本点数据\v2\2022.shp</linkage><protocol Sync="TRUE">Local Area Network</protocol></itemLocation><itemSize Sync="TRUE">0.000</itemSize></itemProps><coordRef><type Sync="TRUE">Geographic</type><geogcsn Sync="TRUE">GCS_WGS_1984</geogcsn><csUnits Sync="TRUE">Angular Unit: Degree (0.017453)</csUnits><peXml Sync="TRUE">&lt;GeographicCoordinateSystem xsi:type='typens:GeographicCoordinateSystem' xmlns:xsi='http://www.w3.org/2001/XMLSchema-instance' xmlns:xs='http://www.w3.org/2001/XMLSchema' xmlns:typens='http://www.esri.com/schemas/ArcGIS/3.0.0'&gt;&lt;WKT&gt;GEOGCS[&amp;quot;GCS_WGS_1984&amp;quot;,DATUM[&amp;quot;D_WGS_1984&amp;quot;,SPHEROID[&amp;quot;WGS_1984&amp;quot;,6378137.0,298.257223563]],PRIMEM[&amp;quot;Greenwich&amp;quot;,0.0],UNIT[&amp;quot;Degree&amp;quot;,0.0174532925199433],AUTHORITY[&amp;quot;EPSG&amp;quot;,4326]]&lt;/WKT&gt;&lt;XOrigin&gt;-399.99999999999989&lt;/XOrigin&gt;&lt;YOrigin&gt;-399.99999999999989&lt;/YOrigin&gt;&lt;XYScale&gt;11258999068426.24&lt;/XYScale&gt;&lt;ZOrigin&gt;-100000&lt;/ZOrigin&gt;&lt;ZScale&gt;10000&lt;/ZScale&gt;&lt;MOrigin&gt;-100000&lt;/MOrigin&gt;&lt;MScale&gt;10000&lt;/MScale&gt;&lt;XYTolerance&gt;8.9831528411952133e-09&lt;/XYTolerance&gt;&lt;ZTolerance&gt;0.001&lt;/ZTolerance&gt;&lt;MTolerance&gt;0.001&lt;/MTolerance&gt;&lt;HighPrecision&gt;true&lt;/HighPrecision&gt;&lt;LeftLongitude&gt;-180&lt;/LeftLongitude&gt;&lt;WKID&gt;4326&lt;/WKID&gt;&lt;LatestWKID&gt;4326&lt;/LatestWKID&gt;&lt;/GeographicCoordinateSystem&gt;</peXml></coordRef></DataProperties><SyncDate>20250113</SyncDate><SyncTime>15563200</SyncTime><ModDate>20250113</ModDate><ModTime>15563200</ModTime></Esri><dataIdInfo><envirDesc Sync="TRUE">Microsoft Windows 10 Version 10.0 (Build 22631) ; Esri ArcGIS 13.0.0.36056</envirDesc><dataLang><languageCode value="zho" Sync="TRUE"></languageCode><countryCode value="CHN" Sync="TRUE"></countryCode></dataLang><idCitation><resTitle Sync="TRUE">2022</resTitle><presForm><PresFormCd value="005" Sync="TRUE"></PresFormCd></presForm></idCitation><spatRpType><SpatRepTypCd value="001" Sync="TRUE"></SpatRepTypCd></spatRpType></dataIdInfo><mdLang><languageCode value="zho" Sync="TRUE"></languageCode><countryCode value="CHN" Sync="TRUE"></countryCode></mdLang><distInfo><distFormat><formatName Sync="TRUE">Shapefile</formatName></distFormat><distTranOps><transSize Sync="TRUE">0.000</transSize></distTranOps></distInfo><mdHrLv><ScopeCd value="005" Sync="TRUE"></ScopeCd></mdHrLv><mdHrLvName Sync="TRUE">dataset</mdHrLvName><refSysInfo><RefSystem><refSysID><identCode code="4326" Sync="TRUE"></identCode><idCodeSpace Sync="TRUE">EPSG</idCodeSpace><idVersion Sync="TRUE">6.2(3.0.1)</idVersion></refSysID></RefSystem></refSysInfo><spatRepInfo><VectSpatRep><geometObjs Name="2022"><geoObjTyp><GeoObjTypCd value="004" Sync="TRUE"></GeoObjTypCd></geoObjTyp><geoObjCnt Sync="TRUE">0</geoObjCnt></geometObjs><topLvl><TopoLevCd value="001" Sync="TRUE"></TopoLevCd></topLvl></VectSpatRep></spatRepInfo><spdoinfo><ptvctinf><esriterm Name="2022"><efeatyp Sync="TRUE">Simple</efeatyp><efeageom code="1" Sync="TRUE"></efeageom><esritopo Sync="TRUE">FALSE</esritopo><efeacnt Sync="TRUE">0</efeacnt><spindex Sync="TRUE">FALSE</spindex><linrefer Sync="TRUE">TRUE</linrefer></esriterm></ptvctinf></spdoinfo><eainfo><detailed Name="2022"><enttyp><enttypl Sync="TRUE">2022</enttypl><enttypt Sync="TRUE">Feature Class</enttypt><enttypc Sync="TRUE">0</enttypc></enttyp><attr><attrlabl Sync="TRUE">FID</attrlabl><attalias Sync="TRUE">FID</attalias><attrtype Sync="TRUE">OID</attrtype><attwidth Sync="TRUE">4</attwidth><atprecis Sync="TRUE">0</atprecis><attscale Sync="TRUE">0</attscale><attrdef Sync="TRUE">Internal feature number.</attrdef><attrdefs Sync="TRUE">Esri</attrdefs><attrdomv><udom Sync="TRUE">Sequential unique whole numbers that are automatically generated.</udom></attrdomv></attr><attr><attrlabl Sync="TRUE">Shape</attrlabl><attalias Sync="TRUE">Shape</attalias><attrtype Sync="TRUE">Geometry</attrtype><attwidth Sync="TRUE">0</attwidth><atprecis Sync="TRUE">0</atprecis><attscale Sync="TRUE">0</attscale><attrdef Sync="TRUE">Feature geometry.</attrdef><attrdefs Sync="TRUE">Esri</attrdefs><attrdomv><udom Sync="TRUE">Coordinates defining the features.</udom></attrdomv></attr><attr><attrlabl Sync="TRUE">省代码</attrlabl><attalias Sync="TRUE">省代码</attalias><attrtype Sync="TRUE">Integer</attrtype><attwidth Sync="TRUE">10</attwidth><atprecis Sync="TRUE">10</atprecis><attscale Sync="TRUE">0</attscale></attr><attr><attrlabl Sync="TRUE">省</attrlabl><attalias Sync="TRUE">省</attalias><attrtype Sync="TRUE">String</attrtype><attwidth Sync="TRUE">50</attwidth><atprecis Sync="TRUE">0</atprecis><attscale Sync="TRUE">0</attscale></attr><attr><attrlabl Sync="TRUE">类型</attrlabl><attalias Sync="TRUE">类型</attalias><attrtype Sync="TRUE">String</attrtype><attwidth Sync="TRUE">50</attwidth><atprecis Sync="TRUE">0</atprecis><attscale Sync="TRUE">0</attscale></attr><attr><attrlabl Sync="TRUE">type</attrlabl><attalias Sync="TRUE">type</attalias><attrtype Sync="TRUE">Integer</attrtype><attwidth Sync="TRUE">10</attwidth><atprecis Sync="TRUE">10</atprecis><attscale Sync="TRUE">0</attscale></attr></detailed></eainfo><mdDateSt Sync="TRUE">20250113</mdDateSt></metadata>
