<metadata xml:lang="zh"><Esri><CreaDate>20240307</CreaDate><CreaTime>14020200</CreaTime><ArcGISFormat>1.0</ArcGISFormat><SyncOnce>FALSE</SyncOnce><DataProperties><lineage><Process ToolSource="d:\program files (x86)\arcgis\desktop10.2\ArcToolbox\Toolboxes\Data Management Tools.tbx\CalculateField" Date="20240307" Time="140202">CalculateField anhuif2022v2 value [RASTERVALU] VB #</Process><Process ToolSource="d:\arcgis\pro\Resources\ArcToolbox\toolboxes\Data Management Tools.tbx\Merge" Date="20240606" Time="152620">Merge anhuif2022v2;beijingf2022v3;fujianf2022v3;gansuf2022v1x;gansuf2022v1xb;gansuf2022v1z;guangdongf2022v3;guangxif2022v2;guizhouf2022v2;guizhouf2022v2c;guizhouf2022v2d;hainanf2022v1;hebeif2022v4;heilongjiangf2022v2;henanf2022;hubeif2022v3;hubeif2022v3b;hunanf2022;hunanf2022b3;jiangsuf2022q;jiangxif2022v3;jiningf2022v3;liaoningf2022b;liaoningf2022v3;neimengguf2022y1;neimengguf2022zv2;ningxiaf2022v2;qinghaif2022b;qinghaif2022v11;shaanxif2022v21;shandongf2022;shandongjz2022;shanghaif2022;shanxif2022v11;sichuanf2022sv1b;sichuanf2022sv2;sichuanf2022xv1;taiwanf2022v1;taiwanf2022v1c;tianjinf2022;tianjinf2022b;xinjiangf20221v1;xinjiangf20222v1;xinjiangf20223v1;xinjiangf20224v1;xinjiangf20225v1;yunnanf2022;yunnanf2022b;zhejiangf2022v1 D:\ArcGIS\Projects\底图\底图.gdb\anhuif2022v2_Merge1 "CID "CID" true true false 10 Long 0 10,First,#,anhuif2022v2,CID,-1,-1,beijingf2022v3,CID,-1,-1,guizhouf2022v2,CID,-1,-1,hainanf2022v1,CID,-1,-1,hebeif2022v4,CID,-1,-1,heilongjiangf2022v2,CID,-1,-1,henanf2022,CID,-1,-1,hubeif2022v3,CID,-1,-1,hunanf2022,CID,-1,-1,hunanf2022b3,CID,-1,-1,jiangsuf2022q,CID,-1,-1,jiningf2022v3,CID,-1,-1,liaoningf2022v3,CID,-1,-1,neimengguf2022y1,CID,-1,-1,neimengguf2022zv2,CID,-1,-1,shanghaif2022,CID,-1,-1,shanxif2022v11,CID,-1,-1,tianjinf2022,CID,-1,-1,xinjiangf20225v1,CID,-1,-1,yunnanf2022,CID,-1,-1,zhejiangf2022v1,CID,-1,-1;RASTERVALU "RASTERVALU" true true false 5 Long 0 5,First,#,anhuif2022v2,RASTERVALU,-1,-1,beijingf2022v3,RASTERVALU,-1,-1,fujianf2022v3,RASTERVALU,-1,-1,gansuf2022v1x,RASTERVALU,-1,-1,gansuf2022v1xb,RASTERVALU,-1,-1,guangdongf2022v3,RASTERVALU,-1,-1,guangxif2022v2,RASTERVALU,-1,-1,guizhouf2022v2,RASTERVALU,-1,-1,guizhouf2022v2c,RASTERVALU,-1,-1,guizhouf2022v2d,RASTERVALU,-1,-1,hainanf2022v1,RASTERVALU,-1,-1,hebeif2022v4,RASTERVALU,-1,-1,heilongjiangf2022v2,RASTERVALU,-1,-1,henanf2022,RASTERVALU,-1,-1,hubeif2022v3,RASTERVALU,-1,-1,hunanf2022,RASTERVALU,-1,-1,hunanf2022b3,RASTERVALU,-1,-1,jiangsuf2022q,RASTERVALU,-1,-1,jiangxif2022v3,RASTERVALU,-1,-1,jiningf2022v3,RASTERVALU,-1,-1,liaoningf2022b,RASTERVALU,-1,-1,liaoningf2022v3,RASTERVALU,-1,-1,neimengguf2022y1,RASTERVALU,-1,-1,neimengguf2022zv2,RASTERVALU,-1,-1,ningxiaf2022v2,RASTERVALU,-1,-1,qinghaif2022b,RASTERVALU,-1,-1,qinghaif2022v11,RASTERVALU,-1,-1,shaanxif2022v21,RASTERVALU,-1,-1,shandongf2022,RASTERVALU,-1,-1,shanghaif2022,RASTERVALU,-1,-1,shanxif2022v11,RASTERVALU,-1,-1,sichuanf2022sv1b,RASTERVALU,-1,-1,sichuanf2022sv2,RASTERVALU,-1,-1,sichuanf2022xv1,RASTERVALU,-1,-1,taiwanf2022v1,RASTERVALU,-1,-1,taiwanf2022v1c,RASTERVALU,-1,-1,tianjinf2022,RASTERVALU,-1,-1,tianjinf2022b,RASTERVALU,-1,-1,xinjiangf20221v1,RASTERVALU,-1,-1,xinjiangf20222v1,RASTERVALU,-1,-1,xinjiangf20223v1,RASTERVALU,-1,-1,xinjiangf20224v1,RASTERVALU,-1,-1,xinjiangf20225v1,RASTERVALU,-1,-1,yunnanf2022,RASTERVALU,-1,-1,yunnanf2022b,RASTERVALU,-1,-1,zhejiangf2022v1,RASTERVALU,-1,-1;value "value" true true false 9 Long 0 9,First,#,anhuif2022v2,value,-1,-1,beijingf2022v3,value,-1,-1,fujianf2022v3,value,-1,-1,gansuf2022v1x,value,-1,-1,gansuf2022v1xb,value,-1,-1,gansuf2022v1z,value,-1,-1,guangdongf2022v3,value,-1,-1,guangxif2022v2,value,-1,-1,guizhouf2022v2,value,-1,-1,guizhouf2022v2c,value,-1,-1,guizhouf2022v2d,value,-1,-1,hainanf2022v1,value,-1,-1,hebeif2022v4,value,-1,-1,heilongjiangf2022v2,value,-1,-1,henanf2022,value,-1,-1,hubeif2022v3,value,-1,-1,hubeif2022v3b,value,-1,-1,hunanf2022,value,-1,-1,hunanf2022b3,value,-1,-1,jiangsuf2022q,value,-1,-1,jiangxif2022v3,value,-1,-1,jiningf2022v3,value,-1,-1,liaoningf2022b,value,-1,-1,liaoningf2022v3,value,-1,-1,neimengguf2022y1,value,-1,-1,neimengguf2022zv2,value,-1,-1,ningxiaf2022v2,value,-1,-1,qinghaif2022b,value,-1,-1,qinghaif2022v11,value,-1,-1,shaanxif2022v21,value,-1,-1,shandongf2022,value,-1,-1,shandongjz2022,value,-1,-1,shanghaif2022,value,-1,-1,shanxif2022v11,value,-1,-1,sichuanf2022sv1b,value,-1,-1,sichuanf2022sv2,value,-1,-1,sichuanf2022xv1,value,-1,-1,taiwanf2022v1,value,-1,-1,taiwanf2022v1c,value,-1,-1,tianjinf2022,value,-1,-1,tianjinf2022b,value,-1,-1,xinjiangf20221v1,value,-1,-1,xinjiangf20222v1,value,-1,-1,xinjiangf20223v1,value,-1,-1,xinjiangf20224v1,value,-1,-1,xinjiangf20225v1,value,-1,-1,yunnanf2022,value,-1,-1,yunnanf2022b,value,-1,-1,zhejiangf2022v1,value,-1,-1;Id "Id" true true false 10 Long 0 10,First,#,gansuf2022v1x,Id,-1,-1,gansuf2022v1xb,Id,-1,-1,gansuf2022v1z,Id,-1,-1,guangdongf2022v3,Id,-1,-1,guangxif2022v2,Id,-1,-1,guizhouf2022v2c,Id,-1,-1,guizhouf2022v2d,Id,-1,-1,henanf2022,id,-1,-1,jiangxif2022v3,Id,-1,-1,jiningf2022v3,Id,-1,-1,liaoningf2022b,Id,-1,-1,liaoningf2022v3,Id,-1,-1,neimengguf2022y1,Id,-1,-1,neimengguf2022zv2,Id,-1,-1,ningxiaf2022v2,Id,-1,-1,qinghaif2022b,Id,-1,-1,shaanxif2022v21,Id,-1,-1,sichuanf2022sv1b,Id,-1,-1,sichuanf2022sv2,Id,-1,-1,sichuanf2022xv1,Id,-1,-1,taiwanf2022v1,Id,-1,-1,taiwanf2022v1c,Id,-1,-1,tianjinf2022b,Id,-1,-1,xinjiangf20221v1,Id,-1,-1,xinjiangf20222v1,Id,-1,-1,xinjiangf20223v1,Id,-1,-1,xinjiangf20224v1,Id,-1,-1,yunnanf2022b,Id,-1,-1;gridcode "gridcode" true true false 10 Long 0 10,First,#,gansuf2022v1x,gridcode,-1,-1,guangdongf2022v3,gridcode,-1,-1,guangxif2022v2,gridcode,-1,-1,guizhouf2022v2c,gridcode,-1,-1,guizhouf2022v2d,gridcode,-1,-1,jiangxif2022v3,gridcode,-1,-1,liaoningf2022b,gridcode,-1,-1,liaoningf2022v3,gridcode,-1,-1,neimengguf2022y1,gridcode,-1,-1,neimengguf2022zv2,gridcode,-1,-1,ningxiaf2022v2,gridcode,-1,-1,sichuanf2022sv1b,gridcode,-1,-1,sichuanf2022sv2,gridcode,-1,-1,sichuanf2022xv1,gridcode,-1,-1,taiwanf2022v1,gridcode,-1,-1,taiwanf2022v1c,gridcode,-1,-1,tianjinf2022b,gridcode,-1,-1,xinjiangf20221v1,gridcode,-1,-1,xinjiangf20222v1,gridcode,-1,-1,xinjiangf20223v1,gridcode,-1,-1,xinjiangf20224v1,gridcode,-1,-1,yunnanf2022b,gridcode,-1,-1;ORIG_FID "ORIG_FID" true true false 10 Long 0 10,First,#,gansuf2022v1x,ORIG_FID,-1,-1,gansuf2022v1xb,ORIG_FID,-1,-1,gansuf2022v1z,ORIG_FID,-1,-1,guangdongf2022v3,ORIG_FID,-1,-1,guangxif2022v2,ORIG_FID,-1,-1,guizhouf2022v2c,ORIG_FID,-1,-1,guizhouf2022v2d,ORIG_FID,-1,-1,jiangxif2022v3,ORIG_FID,-1,-1,liaoningf2022b,ORIG_FID,-1,-1,liaoningf2022v3,ORIG_FID,-1,-1,neimengguf2022y1,ORIG_FID,-1,-1,neimengguf2022zv2,ORIG_FID,-1,-1,ningxiaf2022v2,ORIG_FID,-1,-1,qinghaif2022b,ORIG_FID,-1,-1,shaanxif2022v21,ORIG_FID,-1,-1,sichuanf2022sv1b,ORIG_FID,-1,-1,sichuanf2022sv2,ORIG_FID,-1,-1,sichuanf2022xv1,ORIG_FID,-1,-1,taiwanf2022v1,ORIG_FID,-1,-1,taiwanf2022v1c,ORIG_FID,-1,-1,tianjinf2022b,ORIG_FID,-1,-1,xinjiangf20221v1,ORIG_FID,-1,-1,xinjiangf20222v1,ORIG_FID,-1,-1,xinjiangf20223v1,ORIG_FID,-1,-1,xinjiangf20224v1,ORIG_FID,-1,-1,yunnanf2022b,ORIG_FID,-1,-1;FID_gansuf "FID_gansuf" true true false 10 Long 0 10,First,#,gansuf2022v1x,FID_gansuf,-1,-1,gansuf2022v1z,FID_gansuf,-1,-1;FID_gansux "FID_gansux" true true false 10 Long 0 10,First,#,gansuf2022v1x,FID_gansux,-1,-1;pr_adcode "pr_adcode" true true false 80 Text 0 0,First,#,gansuf2022v1x,pr_adcode,0,80,gansuf2022v1z,pr_adcode,0,80,neimengguf2022y1,pr_adcode,0,80,shaanxif2022v21,pr_adcode,0,80;pr_name "pr_name" true true false 80 Text 0 0,First,#,gansuf2022v1x,pr_name,0,80,gansuf2022v1z,pr_name,0,80,neimengguf2022y1,pr_name,0,80,shaanxif2022v21,pr_name,0,80;cn_adcode "cn_adcode" true true false 80 Text 0 0,First,#,gansuf2022v1x,cn_adcode,0,80,gansuf2022v1z,cn_adcode,0,80,neimengguf2022y1,cn_adcode,0,80,shaanxif2022v21,cn_adcode,0,80;cn_name "cn_name" true true false 80 Text 0 0,First,#,gansuf2022v1x,cn_name,0,80,gansuf2022v1z,cn_name,0,80,neimengguf2022y1,cn_name,0,80,shaanxif2022v21,cn_name,0,80;CLCD_v01_2 "CLCD_v01_2" true true false 5 Long 0 5,First,#,gansuf2022v1x,CLCD_v01_2,-1,-1,gansuf2022v1z,CLCD_v01_2,-1,-1,heilongjiangf2022v2,CLCD_v01_2,-1,-1;area "area" true true false 13 Float 0 0,First,#,gansuf2022v1xb,area,-1,-1;FID_gansuz "FID_gansuz" true true false 10 Long 0 10,First,#,gansuf2022v1z,FID_gansuz,-1,-1;OBJECTID "OBJECTID" true true false 9 Long 0 9,First,#,hubeif2022v3,OBJECTID,-1,-1,hunanf2022b3,OBJECTID,-1,-1,neimengguf2022zv2,OBJECTID,-1,-1;Name "Name" true true false 254 Text 0 0,First,#,hunanf2022b3,Name,0,254;layer "layer" true true false 254 Text 0 0,First,#,hunanf2022b3,layer,0,254,liaoningf2022v3,layer,0,254;path "path" true true false 254 Text 0 0,First,#,hunanf2022b3,path,0,254,liaoningf2022v3,path,0,254;FID_jilinf "FID_jilinf" true true false 10 Long 0 10,First,#,jiningf2022v3,FID_jilinf,-1,-1;FID_neimen "FID_neimen" true true false 10 Long 0 10,First,#,neimengguf2022y1,FID_neimen,-1,-1;FID_neim_1 "FID_neim_1" true true false 10 Long 0 10,First,#,neimengguf2022y1,FID_neim_1,-1,-1;FID_Extrac "FID_Extrac" true true false 10 Long 0 10,First,#,shaanxif2022v21,FID_Extrac,-1,-1;FID_shaanx "FID_shaanx" true true false 10 Long 0 10,First,#,shaanxif2022v21,FID_shaanx,-1,-1;gridcode_1 "gridcode_1" true true false 10 Long 0 10,First,#,shandongjz2022,gridcode_1,-1,-1;OID_ "OID_" true true false 10 Long 0 10,First,#,shanxif2022v11,OID_,-1,-1" NO_SOURCE_INFO</Process><Process ToolSource="d:\arcgis\pro\Resources\ArcToolbox\toolboxes\Data Management Tools.tbx\DeleteField" Date="20240606" Time="153052">DeleteField anhuif2022v2_Merge1 FID_gansuf;FID_gansux;pr_adcode;pr_name;cn_adcode;cn_name;CLCD_v01_2;area;FID_gansuz;OBJECTID;Name;layer;path;FID_jilinf;FID_neimen;FID_neim_1;FID_Extrac;FID_shaanx;gridcode_1 删除字段</Process><Process ToolSource="d:\arcgis\pro\Resources\ArcToolbox\toolboxes\Data Management Tools.tbx\DeleteField" Date="20240606" Time="153352">DeleteField anhuif2022v2_Merge1 Id;gridcode;ORIG_FID;OID_ 删除字段</Process><Process ToolSource="d:\arcgis\pro\Resources\ArcToolbox\toolboxes\Analysis Tools.tbx\SpatialJoin" Date="20240606" Time="154219">SpatialJoin anhuif2022v2_Merge1 province D:\ArcGIS\Projects\底图\底图.gdb\anhui2022V1_Merg_SpatialJoin12 一对一连接 KEEP_ALL "CID "CID" true true false 4 Long 0 0,First,#,anhuif2022v2_Merge1,CID,-1,-1;RASTERVALU "RASTERVALU" true true false 4 Long 0 0,First,#,anhuif2022v2_Merge1,RASTERVALU,-1,-1;value "value" true true false 4 Long 0 0,First,#,anhuif2022v2_Merge1,value,-1,-1;pr_adcode "pr_adcode" true true false 80 Text 0 0,First,#,province,pr_adcode,0,80;pr_name "pr_name" true true false 80 Text 0 0,First,#,province,pr_name,0,80;cn_adcode "cn_adcode" true true false 80 Text 0 0,First,#,province,cn_adcode,0,80;cn_name "cn_name" true true false 80 Text 0 0,First,#,province,cn_name,0,80" 相交 # #</Process><Process ToolSource="d:\arcgis\pro\Resources\ArcToolbox\toolboxes\Conversion Tools.tbx\ExportFeatures" Date="20240606" Time="154511">ExportFeatures anhui2022V1_Merg_SpatialJoin12 D:\GEE分析导出\2022年全国塑料大棚分析\计算文档\样本点\fdp.shp # NOT_USE_ALIAS "Join_Count "Join_Count" true true false 4 Long 0 0,First,#,anhui2022V1_Merg_SpatialJoin12,Join_Count,-1,-1;TARGET_FID "TARGET_FID" true true false 4 Long 0 0,First,#,anhui2022V1_Merg_SpatialJoin12,TARGET_FID,-1,-1;CID "CID" true true false 4 Long 0 0,First,#,anhui2022V1_Merg_SpatialJoin12,CID,-1,-1;RASTERVALU "RASTERVALU" true true false 4 Long 0 0,First,#,anhui2022V1_Merg_SpatialJoin12,RASTERVALU,-1,-1;value "value" true true false 4 Long 0 0,First,#,anhui2022V1_Merg_SpatialJoin12,value,-1,-1;pr_adcode "pr_adcode" true true false 80 Text 0 0,First,#,anhui2022V1_Merg_SpatialJoin12,pr_adcode,0,80;pr_name "pr_name" true true false 80 Text 0 0,First,#,anhui2022V1_Merg_SpatialJoin12,pr_name,0,80;cn_adcode "cn_adcode" true true false 80 Text 0 0,First,#,anhui2022V1_Merg_SpatialJoin12,cn_adcode,0,80;cn_name "cn_name" true true false 80 Text 0 0,First,#,anhui2022V1_Merg_SpatialJoin12,cn_name,0,80" #</Process><Process ToolSource="d:\arcgis\pro\Resources\ArcToolbox\toolboxes\Data Management Tools.tbx\DeleteIdentical" Date="20240606" Time="155245">DeleteIdentical fdp Shape "1 Meters" 0</Process><Process ToolSource="d:\arcgis\pro\Resources\ArcToolbox\toolboxes\Analysis Tools.tbx\Intersect" Date="20250102" Time="144358">Intersect "fdp #;省界 #" C:\Users\71016\Documents\ArcGIS\Projects\MyProject18\MyProject18.gdb\fdp_Merge_Intersect 所有属性 # 与输入相同</Process><Process ToolSource="d:\arcgis\pro\Resources\ArcToolbox\toolboxes\Conversion Tools.tbx\ExportFeatures" Date="20250102" Time="144501">ExportFeatures fdp_Merge_Intersect D:\GEE分析导出\相关论文\论文数据\样本点数据\2022非大棚样本.shp # NOT_USE_ALIAS "FID_fdp "FID_fdp" true true false 4 Long 0 0,First,#,fdp_Merge_Intersect,FID_fdp,-1,-1;cn_name "cn_name" true true false 80 Text 0 0,First,#,fdp_Merge_Intersect,cn_name,0,80;FID_省界 "FID_省界" true true false 4 Long 0 0,First,#,fdp_Merge_Intersect,FID_省界,-1,-1;省代码 "省代码" true true false 4 Long 0 0,First,#,fdp_Merge_Intersect,省代码,-1,-1;省 "省" true true false 50 Text 0 0,First,#,fdp_Merge_Intersect,省,0,50;类型 "类型" true true false 50 Text 0 0,First,#,fdp_Merge_Intersect,类型,0,50" #</Process><Process ToolSource="d:\arcgis\pro\Resources\ArcToolbox\toolboxes\Data Management Tools.tbx\DeleteField" Date="20250102" Time="150423">DeleteField 2022非大棚样本 FID_fdp 删除字段</Process><Process ToolSource="d:\arcgis\pro\Resources\ArcToolbox\toolboxes\Data Management Tools.tbx\DeleteField" Date="20250102" Time="150427">DeleteField 2022非大棚样本 cn_name 删除字段</Process><Process ToolSource="d:\arcgis\pro\Resources\ArcToolbox\toolboxes\Data Management Tools.tbx\DeleteField" Date="20250102" Time="150431">DeleteField 2022非大棚样本 FID_省界 删除字段</Process><Process Name="删除相同项" ToolSource="d:\arcgis\pro\Resources\ArcToolbox\toolboxes\Data Management Tools.tbx\DeleteIdentical" Date="20250102" Time="154504">DeleteIdentical 2022非大棚样本 Shape # 0</Process><Process ToolSource="d:\arcgis\pro\Resources\ArcToolbox\toolboxes\Data Management Tools.tbx\UpdateSchema" Date="20250113" Time="094700">UpdateSchema "CIMDATA=&lt;CIMStandardDataConnection xsi:type='typens:CIMStandardDataConnection' xmlns:xsi='http://www.w3.org/2001/XMLSchema-instance' xmlns:xs='http://www.w3.org/2001/XMLSchema' xmlns:typens='http://www.esri.com/schemas/ArcGIS/3.0.0'&gt;&lt;WorkspaceConnectionString&gt;DATABASE=D:\GEE分析导出\相关论文\论文数据\样本点数据&lt;/WorkspaceConnectionString&gt;&lt;WorkspaceFactory&gt;Shapefile&lt;/WorkspaceFactory&gt;&lt;Dataset&gt;2022非大棚样本.shp&lt;/Dataset&gt;&lt;DatasetType&gt;esriDTFeatureClass&lt;/DatasetType&gt;&lt;/CIMStandardDataConnection&gt;" &lt;operationSequence&gt;&lt;workflow&gt;&lt;AddField&gt;&lt;field_name&gt;type&lt;/field_name&gt;&lt;field_type&gt;LONG&lt;/field_type&gt;&lt;field_is_nullable&gt;False&lt;/field_is_nullable&gt;&lt;field_is_required&gt;False&lt;/field_is_required&gt;&lt;/AddField&gt;&lt;/workflow&gt;&lt;/operationSequence&gt;</Process><Process ToolSource="d:\arcgis\pro\Resources\ArcToolbox\toolboxes\Data Management Tools.tbx\CalculateField" Date="20250113" Time="094710">CalculateField 2022非大棚样本 type 20221 "Python 3" # 文本 NO_ENFORCE_DOMAINS</Process><Process ToolSource="d:\arcgis\pro\Resources\ArcToolbox\toolboxes\Analysis Tools.tbx\SpatialJoin" Date="20250113" Time="161522">SpatialJoin 2022非大棚样本 dp2022 C:\Users\71016\Documents\ArcGIS\Projects\MyProject21\MyProject21.gdb\c2022非大棚样本v2_SpatialJoin 一对一连接 KEEP_ALL "省代码 "省代码" true true false 10 Long 0 10,First,#,2022非大棚样本,省代码,-1,-1;省 "省" true true false 50 Text 0 0,First,#,2022非大棚样本,省,0,50;类型 "类型" true true false 50 Text 0 0,First,#,2022非大棚样本,类型,0,50;type "type" true true false 10 Long 0 10,First,#,2022非大棚样本,type,-1,-1;省代_1 "省代码" true true false 10 Long 0 10,First,#,dp2022,省代码,-1,-1;省_1 "省" true true false 50 Text 0 0,First,#,dp2022,省,0,50;类型_1 "类型" true true false 50 Text 0 0,First,#,dp2022,类型,0,50;name "name" true true false 50 Text 0 0,First,#,dp2022,name,0,50;area "area" true true false 13 Float 0 0,First,#,dp2022,area,-1,-1;area_w "area_w" true true false 13 Float 0 0,First,#,dp2022,area_w,-1,-1;a2010 "a2010" true true false 13 Float 0 0,First,#,dp2022,a2010,-1,-1;a2016 "a2016" true true false 13 Float 0 0,First,#,dp2022,a2016,-1,-1;a2022 "a2022" true true false 13 Float 0 0,First,#,dp2022,a2022,-1,-1;b2010 "b2010" true true false 13 Float 0 0,First,#,dp2022,b2010,-1,-1;b2016 "b2016" true true false 13 Float 0 0,First,#,dp2022,b2016,-1,-1;b2022 "b2022" true true false 13 Float 0 0,First,#,dp2022,b2022,-1,-1;Shape_Leng "Shape_Leng" true true false 19 Double 0 0,First,#,dp2022,Shape_Leng,-1,-1;Shape_Area "Shape_Area" true true false 19 Double 0 0,First,#,dp2022,Shape_Area,-1,-1" 相交 # #</Process><Process ToolSource="d:\arcgis\pro\Resources\ArcToolbox\toolboxes\Data Management Tools.tbx\DeleteField" Date="20250113" Time="161800">DeleteField c2022非大棚样本v2_SpatialJoin Join_Count;TARGET_FID 删除字段</Process><Process ToolSource="d:\arcgis\pro\Resources\ArcToolbox\toolboxes\Data Management Tools.tbx\DeleteField" Date="20250113" Time="161941">DeleteField c2022非大棚样本v2_SpatialJoin 省代_1;省_1;类型_1;name;area;area_w;a2010;a2016;a2022;b2010;b2016;b2022;Shape_Leng 删除字段</Process><Process ToolSource="d:\arcgis\pro\Resources\ArcToolbox\toolboxes\Conversion Tools.tbx\ExportFeatures" Date="20250113" Time="162028">ExportFeatures c2022非大棚样本v2_SpatialJoin D:\GEE分析导出\相关论文\论文数据\样本点数据\v2\2022f.shp # NOT_USE_ALIAS "省代码 "省代码" true true false 4 Long 0 0,First,#,c2022非大棚样本v2_SpatialJoin,省代码,-1,-1;省 "省" true true false 50 Text 0 0,First,#,c2022非大棚样本v2_SpatialJoin,省,0,50;类型 "类型" true true false 50 Text 0 0,First,#,c2022非大棚样本v2_SpatialJoin,类型,0,50;type "type" true true false 4 Long 0 0,First,#,c2022非大棚样本v2_SpatialJoin,type,-1,-1" #</Process></lineage><itemProps><itemName Sync="TRUE">2022f</itemName><imsContentType Sync="TRUE">002</imsContentType><itemLocation><linkage Sync="TRUE">file://\\GISC05\D$\GEE分析导出\相关论文\论文数据\样本点数据\v2\2022f.shp</linkage><protocol Sync="TRUE">Local Area Network</protocol></itemLocation><itemSize Sync="TRUE">0.000</itemSize></itemProps><coordRef><type Sync="TRUE">Geographic</type><geogcsn Sync="TRUE">GCS_WGS_1984</geogcsn><csUnits Sync="TRUE">Angular Unit: Degree (0.017453)</csUnits><peXml Sync="TRUE">&lt;GeographicCoordinateSystem xsi:type='typens:GeographicCoordinateSystem' xmlns:xsi='http://www.w3.org/2001/XMLSchema-instance' xmlns:xs='http://www.w3.org/2001/XMLSchema' xmlns:typens='http://www.esri.com/schemas/ArcGIS/3.0.0'&gt;&lt;WKT&gt;GEOGCS[&amp;quot;GCS_WGS_1984&amp;quot;,DATUM[&amp;quot;D_WGS_1984&amp;quot;,SPHEROID[&amp;quot;WGS_1984&amp;quot;,6378137.0,298.257223563]],PRIMEM[&amp;quot;Greenwich&amp;quot;,0.0],UNIT[&amp;quot;Degree&amp;quot;,0.0174532925199433],AUTHORITY[&amp;quot;EPSG&amp;quot;,4326]]&lt;/WKT&gt;&lt;XOrigin&gt;-399.99999999999989&lt;/XOrigin&gt;&lt;YOrigin&gt;-399.99999999999989&lt;/YOrigin&gt;&lt;XYScale&gt;11258999068426.24&lt;/XYScale&gt;&lt;ZOrigin&gt;-100000&lt;/ZOrigin&gt;&lt;ZScale&gt;10000&lt;/ZScale&gt;&lt;MOrigin&gt;-100000&lt;/MOrigin&gt;&lt;MScale&gt;10000&lt;/MScale&gt;&lt;XYTolerance&gt;8.9831528411952133e-09&lt;/XYTolerance&gt;&lt;ZTolerance&gt;0.001&lt;/ZTolerance&gt;&lt;MTolerance&gt;0.001&lt;/MTolerance&gt;&lt;HighPrecision&gt;true&lt;/HighPrecision&gt;&lt;LeftLongitude&gt;-180&lt;/LeftLongitude&gt;&lt;WKID&gt;4326&lt;/WKID&gt;&lt;LatestWKID&gt;4326&lt;/LatestWKID&gt;&lt;/GeographicCoordinateSystem&gt;</peXml></coordRef></DataProperties><SyncDate>20250113</SyncDate><SyncTime>16195500</SyncTime><ModDate>20250113</ModDate><ModTime>16195500</ModTime></Esri><dataIdInfo><envirDesc Sync="TRUE">Microsoft Windows 10 Version 10.0 (Build 22631) ; Esri ArcGIS 13.0.0.36056</envirDesc><dataLang><languageCode value="zho" Sync="TRUE"></languageCode><countryCode value="CHN" Sync="TRUE"></countryCode></dataLang><idCitation><resTitle Sync="TRUE">2022f</resTitle><presForm><PresFormCd value="005" Sync="TRUE"></PresFormCd></presForm></idCitation><spatRpType><SpatRepTypCd value="001" Sync="TRUE"></SpatRepTypCd></spatRpType></dataIdInfo><mdLang><languageCode value="zho" Sync="TRUE"></languageCode><countryCode value="CHN" Sync="TRUE"></countryCode></mdLang><distInfo><distFormat><formatName Sync="TRUE">Shapefile</formatName></distFormat><distTranOps><transSize Sync="TRUE">0.000</transSize></distTranOps></distInfo><mdHrLv><ScopeCd value="005" Sync="TRUE"></ScopeCd></mdHrLv><mdHrLvName Sync="TRUE">dataset</mdHrLvName><refSysInfo><RefSystem><refSysID><identCode code="4326" Sync="TRUE"></identCode><idCodeSpace Sync="TRUE">EPSG</idCodeSpace><idVersion Sync="TRUE">6.2(3.0.1)</idVersion></refSysID></RefSystem></refSysInfo><spatRepInfo><VectSpatRep><geometObjs Name="2022f"><geoObjTyp><GeoObjTypCd value="004" Sync="TRUE"></GeoObjTypCd></geoObjTyp><geoObjCnt Sync="TRUE">0</geoObjCnt></geometObjs><topLvl><TopoLevCd value="001" Sync="TRUE"></TopoLevCd></topLvl></VectSpatRep></spatRepInfo><spdoinfo><ptvctinf><esriterm Name="2022f"><efeatyp Sync="TRUE">Simple</efeatyp><efeageom code="1" Sync="TRUE"></efeageom><esritopo Sync="TRUE">FALSE</esritopo><efeacnt Sync="TRUE">0</efeacnt><spindex Sync="TRUE">FALSE</spindex><linrefer Sync="TRUE">TRUE</linrefer></esriterm></ptvctinf></spdoinfo><eainfo><detailed Name="2022f"><enttyp><enttypl Sync="TRUE">2022f</enttypl><enttypt Sync="TRUE">Feature Class</enttypt><enttypc Sync="TRUE">0</enttypc></enttyp><attr><attrlabl Sync="TRUE">FID</attrlabl><attalias Sync="TRUE">FID</attalias><attrtype Sync="TRUE">OID</attrtype><attwidth Sync="TRUE">4</attwidth><atprecis Sync="TRUE">0</atprecis><attscale Sync="TRUE">0</attscale><attrdef Sync="TRUE">Internal feature number.</attrdef><attrdefs Sync="TRUE">Esri</attrdefs><attrdomv><udom Sync="TRUE">Sequential unique whole numbers that are automatically generated.</udom></attrdomv></attr><attr><attrlabl Sync="TRUE">Shape</attrlabl><attalias Sync="TRUE">Shape</attalias><attrtype Sync="TRUE">Geometry</attrtype><attwidth Sync="TRUE">0</attwidth><atprecis Sync="TRUE">0</atprecis><attscale Sync="TRUE">0</attscale><attrdef Sync="TRUE">Feature geometry.</attrdef><attrdefs Sync="TRUE">Esri</attrdefs><attrdomv><udom Sync="TRUE">Coordinates defining the features.</udom></attrdomv></attr><attr><attrlabl Sync="TRUE">省代码</attrlabl><attalias Sync="TRUE">省代码</attalias><attrtype Sync="TRUE">Integer</attrtype><attwidth Sync="TRUE">10</attwidth><atprecis Sync="TRUE">10</atprecis><attscale Sync="TRUE">0</attscale></attr><attr><attrlabl Sync="TRUE">省</attrlabl><attalias Sync="TRUE">省</attalias><attrtype Sync="TRUE">String</attrtype><attwidth Sync="TRUE">50</attwidth><atprecis Sync="TRUE">0</atprecis><attscale Sync="TRUE">0</attscale></attr><attr><attrlabl Sync="TRUE">类型</attrlabl><attalias Sync="TRUE">类型</attalias><attrtype Sync="TRUE">String</attrtype><attwidth Sync="TRUE">50</attwidth><atprecis Sync="TRUE">0</atprecis><attscale Sync="TRUE">0</attscale></attr><attr><attrlabl Sync="TRUE">type</attrlabl><attalias Sync="TRUE">type</attalias><attrtype Sync="TRUE">Integer</attrtype><attwidth Sync="TRUE">10</attwidth><atprecis Sync="TRUE">10</atprecis><attscale Sync="TRUE">0</attscale></attr></detailed></eainfo><mdDateSt Sync="TRUE">20250113</mdDateSt></metadata>
